chave_hora,hora_24h,hora,minuto,periodo
0,00:00,0,0,Madrugada
1,00:01,0,1,Madrugada
2,00:02,0,2,Madrugada
3,00:03,0,3,Madrugada
4,00:04,0,4,Madrugada
5,00:05,0,5,Madrugada
6,00:06,0,6,Madrugada
7,00:07,0,7,Madrugada
8,00:08,0,8,Madrugada
9,00:09,0,9,Madrugada
10,00:10,0,10,Madrugada
11,00:11,0,11,Madrugada
12,00:12,0,12,Madrugada
13,00:13,0,13,Madrugada
14,00:14,0,14,Madrugada
15,00:15,0,15,Madrugada
16,00:16,0,16,Madrugada
17,00:17,0,17,Madrugada
18,00:18,0,18,Madrugada
19,00:19,0,19,Madrugada
20,00:20,0,20,Madrugada
21,00:21,0,21,Madrugada
22,00:22,0,22,Madrugada
23,00:23,0,23,Madrugada
24,00:24,0,24,Madrugada
25,00:25,0,25,Madrugada
26,00:26,0,26,Madrugada
27,00:27,0,27,Madrugada
28,00:28,0,28,Madrugada
29,00:29,0,29,Madrugada
30,00:30,0,30,Madrugada
31,00:31,0,31,Madrugada
32,00:32,0,32,Madrugada
33,00:33,0,33,Madrugada
34,00:34,0,34,Madrugada
35,00:35,0,35,Madrugada
36,00:36,0,36,Madrugada
37,00:37,0,37,Madrugada
38,00:38,0,38,Madrugada
39,00:39,0,39,Madrugada
40,00:40,0,40,Madrugada
41,00:41,0,41,Madrugada
42,00:42,0,42,Madrugada
43,00:43,0,43,Madrugada
44,00:44,0,44,Madrugada
45,00:45,0,45,Madrugada
46,00:46,0,46,Madrugada
47,00:47,0,47,Madrugada
48,00:48,0,48,Madrugada
49,00:49,0,49,Madrugada
50,00:50,0,50,Madrugada
51,00:51,0,51,Madrugada
52,00:52,0,52,Madrugada
53,00:53,0,53,Madrugada
54,00:54,0,54,Madrugada
55,00:55,0,55,Madrugada
56,00:56,0,56,Madrugada
57,00:57,0,57,Madrugada
58,00:58,0,58,Madrugada
59,00:59,0,59,Madrugada
60,01:00,1,0,Madrugada
61,01:01,1,1,Madrugada
62,01:02,1,2,Madrugada
63,01:03,1,3,Madrugada
64,01:04,1,4,Madrugada
65,01:05,1,5,Madrugada
66,01:06,1,6,Madrugada
67,01:07,1,7,Madrugada
68,01:08,1,8,Madrugada
69,01:09,1,9,Madrugada
70,01:10,1,10,Madrugada
71,01:11,1,11,Madrugada
72,01:12,1,12,Madrugada
73,01:13,1,13,Madrugada
74,01:14,1,14,Madrugada
75,01:15,1,15,Madrugada
76,01:16,1,16,Madrugada
77,01:17,1,17,Madrugada
78,01:18,1,18,Madrugada
79,01:19,1,19,Madrugada
80,01:20,1,20,Madrugada
81,01:21,1,21,Madrugada
82,01:22,1,22,Madrugada
83,01:23,1,23,Madrugada
84,01:24,1,24,Madrugada
85,01:25,1,25,Madrugada
86,01:26,1,26,Madrugada
87,01:27,1,27,Madrugada
88,01:28,1,28,Madrugada
89,01:29,1,29,Madrugada
90,01:30,1,30,Madrugada
91,01:31,1,31,Madrugada
92,01:32,1,32,Madrugada
93,01:33,1,33,Madrugada
94,01:34,1,34,Madrugada
95,01:35,1,35,Madrugada
96,01:36,1,36,Madrugada
97,01:37,1,37,Madrugada
98,01:38,1,38,Madrugada
99,01:39,1,39,Madrugada
100,01:40,1,40,Madrugada
101,01:41,1,41,Madrugada
102,01:42,1,42,Madrugada
103,01:43,1,43,Madrugada
104,01:44,1,44,Madrugada
105,01:45,1,45,Madrugada
106,01:46,1,46,Madrugada
107,01:47,1,47,Madrugada
108,01:48,1,48,Madrugada
109,01:49,1,49,Madrugada
110,01:50,1,50,Madrugada
111,01:51,1,51,Madrugada
112,01:52,1,52,Madrugada
113,01:53,1,53,Madrugada
114,01:54,1,54,Madrugada
115,01:55,1,55,Madrugada
116,01:56,1,56,Madrugada
117,01:57,1,57,Madrugada
118,01:58,1,58,Madrugada
119,01:59,1,59,Madrugada
120,02:00,2,0,Madrugada
121,02:01,2,1,Madrugada
122,02:02,2,2,Madrugada
123,02:03,2,3,Madrugada
124,02:04,2,4,Madrugada
125,02:05,2,5,Madrugada
126,02:06,2,6,Madrugada
127,02:07,2,7,Madrugada
128,02:08,2,8,Madrugada
129,02:09,2,9,Madrugada
130,02:10,2,10,Madrugada
131,02:11,2,11,Madrugada
132,02:12,2,12,Madrugada
133,02:13,2,13,Madrugada
134,02:14,2,14,Madrugada
135,02:15,2,15,Madrugada
136,02:16,2,16,Madrugada
137,02:17,2,17,Madrugada
138,02:18,2,18,Madrugada
139,02:19,2,19,Madrugada
140,02:20,2,20,Madrugada
141,02:21,2,21,Madrugada
142,02:22,2,22,Madrugada
143,02:23,2,23,Madrugada
144,02:24,2,24,Madrugada
145,02:25,2,25,Madrugada
146,02:26,2,26,Madrugada
147,02:27,2,27,Madrugada
148,02:28,2,28,Madrugada
149,02:29,2,29,Madrugada
150,02:30,2,30,Madrugada
151,02:31,2,31,Madrugada
152,02:32,2,32,Madrugada
153,02:33,2,33,Madrugada
154,02:34,2,34,Madrugada
155,02:35,2,35,Madrugada
156,02:36,2,36,Madrugada
157,02:37,2,37,Madrugada
158,02:38,2,38,Madrugada
159,02:39,2,39,Madrugada
160,02:40,2,40,Madrugada
161,02:41,2,41,Madrugada
162,02:42,2,42,Madrugada
163,02:43,2,43,Madrugada
164,02:44,2,44,Madrugada
165,02:45,2,45,Madrugada
166,02:46,2,46,Madrugada
167,02:47,2,47,Madrugada
168,02:48,2,48,Madrugada
169,02:49,2,49,Madrugada
170,02:50,2,50,Madrugada
171,02:51,2,51,Madrugada
172,02:52,2,52,Madrugada
173,02:53,2,53,Madrugada
174,02:54,2,54,Madrugada
175,02:55,2,55,Madrugada
176,02:56,2,56,Madrugada
177,02:57,2,57,Madrugada
178,02:58,2,58,Madrugada
179,02:59,2,59,Madrugada
180,03:00,3,0,Madrugada
181,03:01,3,1,Madrugada
182,03:02,3,2,Madrugada
183,03:03,3,3,Madrugada
184,03:04,3,4,Madrugada
185,03:05,3,5,Madrugada
186,03:06,3,6,Madrugada
187,03:07,3,7,Madrugada
188,03:08,3,8,Madrugada
189,03:09,3,9,Madrugada
190,03:10,3,10,Madrugada
191,03:11,3,11,Madrugada
192,03:12,3,12,Madrugada
193,03:13,3,13,Madrugada
194,03:14,3,14,Madrugada
195,03:15,3,15,Madrugada
196,03:16,3,16,Madrugada
197,03:17,3,17,Madrugada
198,03:18,3,18,Madrugada
199,03:19,3,19,Madrugada
200,03:20,3,20,Madrugada
201,03:21,3,21,Madrugada
202,03:22,3,22,Madrugada
203,03:23,3,23,Madrugada
204,03:24,3,24,Madrugada
205,03:25,3,25,Madrugada
206,03:26,3,26,Madrugada
207,03:27,3,27,Madrugada
208,03:28,3,28,Madrugada
209,03:29,3,29,Madrugada
210,03:30,3,30,Madrugada
211,03:31,3,31,Madrugada
212,03:32,3,32,Madrugada
213,03:33,3,33,Madrugada
214,03:34,3,34,Madrugada
215,03:35,3,35,Madrugada
216,03:36,3,36,Madrugada
217,03:37,3,37,Madrugada
218,03:38,3,38,Madrugada
219,03:39,3,39,Madrugada
220,03:40,3,40,Madrugada
221,03:41,3,41,Madrugada
222,03:42,3,42,Madrugada
223,03:43,3,43,Madrugada
224,03:44,3,44,Madrugada
225,03:45,3,45,Madrugada
226,03:46,3,46,Madrugada
227,03:47,3,47,Madrugada
228,03:48,3,48,Madrugada
229,03:49,3,49,Madrugada
230,03:50,3,50,Madrugada
231,03:51,3,51,Madrugada
232,03:52,3,52,Madrugada
233,03:53,3,53,Madrugada
234,03:54,3,54,Madrugada
235,03:55,3,55,Madrugada
236,03:56,3,56,Madrugada
237,03:57,3,57,Madrugada
238,03:58,3,58,Madrugada
239,03:59,3,59,Madrugada
240,04:00,4,0,Madrugada
241,04:01,4,1,Madrugada
242,04:02,4,2,Madrugada
243,04:03,4,3,Madrugada
244,04:04,4,4,Madrugada
245,04:05,4,5,Madrugada
246,04:06,4,6,Madrugada
247,04:07,4,7,Madrugada
248,04:08,4,8,Madrugada
249,04:09,4,9,Madrugada
250,04:10,4,10,Madrugada
251,04:11,4,11,Madrugada
252,04:12,4,12,Madrugada
253,04:13,4,13,Madrugada
254,04:14,4,14,Madrugada
255,04:15,4,15,Madrugada
256,04:16,4,16,Madrugada
257,04:17,4,17,Madrugada
258,04:18,4,18,Madrugada
259,04:19,4,19,Madrugada
260,04:20,4,20,Madrugada
261,04:21,4,21,Madrugada
262,04:22,4,22,Madrugada
263,04:23,4,23,Madrugada
264,04:24,4,24,Madrugada
265,04:25,4,25,Madrugada
266,04:26,4,26,Madrugada
267,04:27,4,27,Madrugada
268,04:28,4,28,Madrugada
269,04:29,4,29,Madrugada
270,04:30,4,30,Madrugada
271,04:31,4,31,Madrugada
272,04:32,4,32,Madrugada
273,04:33,4,33,Madrugada
274,04:34,4,34,Madrugada
275,04:35,4,35,Madrugada
276,04:36,4,36,Madrugada
277,04:37,4,37,Madrugada
278,04:38,4,38,Madrugada
279,04:39,4,39,Madrugada
280,04:40,4,40,Madrugada
281,04:41,4,41,Madrugada
282,04:42,4,42,Madrugada
283,04:43,4,43,Madrugada
284,04:44,4,44,Madrugada
285,04:45,4,45,Madrugada
286,04:46,4,46,Madrugada
287,04:47,4,47,Madrugada
288,04:48,4,48,Madrugada
289,04:49,4,49,Madrugada
290,04:50,4,50,Madrugada
291,04:51,4,51,Madrugada
292,04:52,4,52,Madrugada
293,04:53,4,53,Madrugada
294,04:54,4,54,Madrugada
295,04:55,4,55,Madrugada
296,04:56,4,56,Madrugada
297,04:57,4,57,Madrugada
298,04:58,4,58,Madrugada
299,04:59,4,59,Madrugada
300,05:00,5,0,Manhã
301,05:01,5,1,Manhã
302,05:02,5,2,Manhã
303,05:03,5,3,Manhã
304,05:04,5,4,Manhã
305,05:05,5,5,Manhã
306,05:06,5,6,Manhã
307,05:07,5,7,Manhã
308,05:08,5,8,Manhã
309,05:09,5,9,Manhã
310,05:10,5,10,Manhã
311,05:11,5,11,Manhã
312,05:12,5,12,Manhã
313,05:13,5,13,Manhã
314,05:14,5,14,Manhã
315,05:15,5,15,Manhã
316,05:16,5,16,Manhã
317,05:17,5,17,Manhã
318,05:18,5,18,Manhã
319,05:19,5,19,Manhã
320,05:20,5,20,Manhã
321,05:21,5,21,Manhã
322,05:22,5,22,Manhã
323,05:23,5,23,Manhã
324,05:24,5,24,Manhã
325,05:25,5,25,Manhã
326,05:26,5,26,Manhã
327,05:27,5,27,Manhã
328,05:28,5,28,Manhã
329,05:29,5,29,Manhã
330,05:30,5,30,Manhã
331,05:31,5,31,Manhã
332,05:32,5,32,Manhã
333,05:33,5,33,Manhã
334,05:34,5,34,Manhã
335,05:35,5,35,Manhã
336,05:36,5,36,Manhã
337,05:37,5,37,Manhã
338,05:38,5,38,Manhã
339,05:39,5,39,Manhã
340,05:40,5,40,Manhã
341,05:41,5,41,Manhã
342,05:42,5,42,Manhã
343,05:43,5,43,Manhã
344,05:44,5,44,Manhã
345,05:45,5,45,Manhã
346,05:46,5,46,Manhã
347,05:47,5,47,Manhã
348,05:48,5,48,Manhã
349,05:49,5,49,Manhã
350,05:50,5,50,Manhã
351,05:51,5,51,Manhã
352,05:52,5,52,Manhã
353,05:53,5,53,Manhã
354,05:54,5,54,Manhã
355,05:55,5,55,Manhã
356,05:56,5,56,Manhã
357,05:57,5,57,Manhã
358,05:58,5,58,Manhã
359,05:59,5,59,Manhã
360,06:00,6,0,Manhã
361,06:01,6,1,Manhã
362,06:02,6,2,Manhã
363,06:03,6,3,Manhã
364,06:04,6,4,Manhã
365,06:05,6,5,Manhã
366,06:06,6,6,Manhã
367,06:07,6,7,Manhã
368,06:08,6,8,Manhã
369,06:09,6,9,Manhã
370,06:10,6,10,Manhã
371,06:11,6,11,Manhã
372,06:12,6,12,Manhã
373,06:13,6,13,Manhã
374,06:14,6,14,Manhã
375,06:15,6,15,Manhã
376,06:16,6,16,Manhã
377,06:17,6,17,Manhã
378,06:18,6,18,Manhã
379,06:19,6,19,Manhã
380,06:20,6,20,Manhã
381,06:21,6,21,Manhã
382,06:22,6,22,Manhã
383,06:23,6,23,Manhã
384,06:24,6,24,Manhã
385,06:25,6,25,Manhã
386,06:26,6,26,Manhã
387,06:27,6,27,Manhã
388,06:28,6,28,Manhã
389,06:29,6,29,Manhã
390,06:30,6,30,Manhã
391,06:31,6,31,Manhã
392,06:32,6,32,Manhã
393,06:33,6,33,Manhã
394,06:34,6,34,Manhã
395,06:35,6,35,Manhã
396,06:36,6,36,Manhã
397,06:37,6,37,Manhã
398,06:38,6,38,Manhã
399,06:39,6,39,Manhã
400,06:40,6,40,Manhã
401,06:41,6,41,Manhã
402,06:42,6,42,Manhã
403,06:43,6,43,Manhã
404,06:44,6,44,Manhã
405,06:45,6,45,Manhã
406,06:46,6,46,Manhã
407,06:47,6,47,Manhã
408,06:48,6,48,Manhã
409,06:49,6,49,Manhã
410,06:50,6,50,Manhã
411,06:51,6,51,Manhã
412,06:52,6,52,Manhã
413,06:53,6,53,Manhã
414,06:54,6,54,Manhã
415,06:55,6,55,Manhã
416,06:56,6,56,Manhã
417,06:57,6,57,Manhã
418,06:58,6,58,Manhã
419,06:59,6,59,Manhã
420,07:00,7,0,Manhã
421,07:01,7,1,Manhã
422,07:02,7,2,Manhã
423,07:03,7,3,Manhã
424,07:04,7,4,Manhã
425,07:05,7,5,Manhã
426,07:06,7,6,Manhã
427,07:07,7,7,Manhã
428,07:08,7,8,Manhã
429,07:09,7,9,Manhã
430,07:10,7,10,Manhã
431,07:11,7,11,Manhã
432,07:12,7,12,Manhã
433,07:13,7,13,Manhã
434,07:14,7,14,Manhã
435,07:15,7,15,Manhã
436,07:16,7,16,Manhã
437,07:17,7,17,Manhã
438,07:18,7,18,Manhã
439,07:19,7,19,Manhã
440,07:20,7,20,Manhã
441,07:21,7,21,Manhã
442,07:22,7,22,Manhã
443,07:23,7,23,Manhã
444,07:24,7,24,Manhã
445,07:25,7,25,Manhã
446,07:26,7,26,Manhã
447,07:27,7,27,Manhã
448,07:28,7,28,Manhã
449,07:29,7,29,Manhã
450,07:30,7,30,Manhã
451,07:31,7,31,Manhã
452,07:32,7,32,Manhã
453,07:33,7,33,Manhã
454,07:34,7,34,Manhã
455,07:35,7,35,Manhã
456,07:36,7,36,Manhã
457,07:37,7,37,Manhã
458,07:38,7,38,Manhã
459,07:39,7,39,Manhã
460,07:40,7,40,Manhã
461,07:41,7,41,Manhã
462,07:42,7,42,Manhã
463,07:43,7,43,Manhã
464,07:44,7,44,Manhã
465,07:45,7,45,Manhã
466,07:46,7,46,Manhã
467,07:47,7,47,Manhã
468,07:48,7,48,Manhã
469,07:49,7,49,Manhã
470,07:50,7,50,Manhã
471,07:51,7,51,Manhã
472,07:52,7,52,Manhã
473,07:53,7,53,Manhã
474,07:54,7,54,Manhã
475,07:55,7,55,Manhã
476,07:56,7,56,Manhã
477,07:57,7,57,Manhã
478,07:58,7,58,Manhã
479,07:59,7,59,Manhã
480,08:00,8,0,Manhã
481,08:01,8,1,Manhã
482,08:02,8,2,Manhã
483,08:03,8,3,Manhã
484,08:04,8,4,Manhã
485,08:05,8,5,Manhã
486,08:06,8,6,Manhã
487,08:07,8,7,Manhã
488,08:08,8,8,Manhã
489,08:09,8,9,Manhã
490,08:10,8,10,Manhã
491,08:11,8,11,Manhã
492,08:12,8,12,Manhã
493,08:13,8,13,Manhã
494,08:14,8,14,Manhã
495,08:15,8,15,Manhã
496,08:16,8,16,Manhã
497,08:17,8,17,Manhã
498,08:18,8,18,Manhã
499,08:19,8,19,Manhã
500,08:20,8,20,Manhã
501,08:21,8,21,Manhã
502,08:22,8,22,Manhã
503,08:23,8,23,Manhã
504,08:24,8,24,Manhã
505,08:25,8,25,Manhã
506,08:26,8,26,Manhã
507,08:27,8,27,Manhã
508,08:28,8,28,Manhã
509,08:29,8,29,Manhã
510,08:30,8,30,Manhã
511,08:31,8,31,Manhã
512,08:32,8,32,Manhã
513,08:33,8,33,Manhã
514,08:34,8,34,Manhã
515,08:35,8,35,Manhã
516,08:36,8,36,Manhã
517,08:37,8,37,Manhã
518,08:38,8,38,Manhã
519,08:39,8,39,Manhã
520,08:40,8,40,Manhã
521,08:41,8,41,Manhã
522,08:42,8,42,Manhã
523,08:43,8,43,Manhã
524,08:44,8,44,Manhã
525,08:45,8,45,Manhã
526,08:46,8,46,Manhã
527,08:47,8,47,Manhã
528,08:48,8,48,Manhã
529,08:49,8,49,Manhã
530,08:50,8,50,Manhã
531,08:51,8,51,Manhã
532,08:52,8,52,Manhã
533,08:53,8,53,Manhã
534,08:54,8,54,Manhã
535,08:55,8,55,Manhã
536,08:56,8,56,Manhã
537,08:57,8,57,Manhã
538,08:58,8,58,Manhã
539,08:59,8,59,Manhã
540,09:00,9,0,Manhã
541,09:01,9,1,Manhã
542,09:02,9,2,Manhã
543,09:03,9,3,Manhã
544,09:04,9,4,Manhã
545,09:05,9,5,Manhã
546,09:06,9,6,Manhã
547,09:07,9,7,Manhã
548,09:08,9,8,Manhã
549,09:09,9,9,Manhã
550,09:10,9,10,Manhã
551,09:11,9,11,Manhã
552,09:12,9,12,Manhã
553,09:13,9,13,Manhã
554,09:14,9,14,Manhã
555,09:15,9,15,Manhã
556,09:16,9,16,Manhã
557,09:17,9,17,Manhã
558,09:18,9,18,Manhã
559,09:19,9,19,Manhã
560,09:20,9,20,Manhã
561,09:21,9,21,Manhã
562,09:22,9,22,Manhã
563,09:23,9,23,Manhã
564,09:24,9,24,Manhã
565,09:25,9,25,Manhã
566,09:26,9,26,Manhã
567,09:27,9,27,Manhã
568,09:28,9,28,Manhã
569,09:29,9,29,Manhã
570,09:30,9,30,Manhã
571,09:31,9,31,Manhã
572,09:32,9,32,Manhã
573,09:33,9,33,Manhã
574,09:34,9,34,Manhã
575,09:35,9,35,Manhã
576,09:36,9,36,Manhã
577,09:37,9,37,Manhã
578,09:38,9,38,Manhã
579,09:39,9,39,Manhã
580,09:40,9,40,Manhã
581,09:41,9,41,Manhã
582,09:42,9,42,Manhã
583,09:43,9,43,Manhã
584,09:44,9,44,Manhã
585,09:45,9,45,Manhã
586,09:46,9,46,Manhã
587,09:47,9,47,Manhã
588,09:48,9,48,Manhã
589,09:49,9,49,Manhã
590,09:50,9,50,Manhã
591,09:51,9,51,Manhã
592,09:52,9,52,Manhã
593,09:53,9,53,Manhã
594,09:54,9,54,Manhã
595,09:55,9,55,Manhã
596,09:56,9,56,Manhã
597,09:57,9,57,Manhã
598,09:58,9,58,Manhã
599,09:59,9,59,Manhã
600,10:00,10,0,Manhã
601,10:01,10,1,Manhã
602,10:02,10,2,Manhã
603,10:03,10,3,Manhã
604,10:04,10,4,Manhã
605,10:05,10,5,Manhã
606,10:06,10,6,Manhã
607,10:07,10,7,Manhã
608,10:08,10,8,Manhã
609,10:09,10,9,Manhã
610,10:10,10,10,Manhã
611,10:11,10,11,Manhã
612,10:12,10,12,Manhã
613,10:13,10,13,Manhã
614,10:14,10,14,Manhã
615,10:15,10,15,Manhã
616,10:16,10,16,Manhã
617,10:17,10,17,Manhã
618,10:18,10,18,Manhã
619,10:19,10,19,Manhã
620,10:20,10,20,Manhã
621,10:21,10,21,Manhã
622,10:22,10,22,Manhã
623,10:23,10,23,Manhã
624,10:24,10,24,Manhã
625,10:25,10,25,Manhã
626,10:26,10,26,Manhã
627,10:27,10,27,Manhã
628,10:28,10,28,Manhã
629,10:29,10,29,Manhã
630,10:30,10,30,Manhã
631,10:31,10,31,Manhã
632,10:32,10,32,Manhã
633,10:33,10,33,Manhã
634,10:34,10,34,Manhã
635,10:35,10,35,Manhã
636,10:36,10,36,Manhã
637,10:37,10,37,Manhã
638,10:38,10,38,Manhã
639,10:39,10,39,Manhã
640,10:40,10,40,Manhã
641,10:41,10,41,Manhã
642,10:42,10,42,Manhã
643,10:43,10,43,Manhã
644,10:44,10,44,Manhã
645,10:45,10,45,Manhã
646,10:46,10,46,Manhã
647,10:47,10,47,Manhã
648,10:48,10,48,Manhã
649,10:49,10,49,Manhã
650,10:50,10,50,Manhã
651,10:51,10,51,Manhã
652,10:52,10,52,Manhã
653,10:53,10,53,Manhã
654,10:54,10,54,Manhã
655,10:55,10,55,Manhã
656,10:56,10,56,Manhã
657,10:57,10,57,Manhã
658,10:58,10,58,Manhã
659,10:59,10,59,Manhã
660,11:00,11,0,Manhã
661,11:01,11,1,Manhã
662,11:02,11,2,Manhã
663,11:03,11,3,Manhã
664,11:04,11,4,Manhã
665,11:05,11,5,Manhã
666,11:06,11,6,Manhã
667,11:07,11,7,Manhã
668,11:08,11,8,Manhã
669,11:09,11,9,Manhã
670,11:10,11,10,Manhã
671,11:11,11,11,Manhã
672,11:12,11,12,Manhã
673,11:13,11,13,Manhã
674,11:14,11,14,Manhã
675,11:15,11,15,Manhã
676,11:16,11,16,Manhã
677,11:17,11,17,Manhã
678,11:18,11,18,Manhã
679,11:19,11,19,Manhã
680,11:20,11,20,Manhã
681,11:21,11,21,Manhã
682,11:22,11,22,Manhã
683,11:23,11,23,Manhã
684,11:24,11,24,Manhã
685,11:25,11,25,Manhã
686,11:26,11,26,Manhã
687,11:27,11,27,Manhã
688,11:28,11,28,Manhã
689,11:29,11,29,Manhã
690,11:30,11,30,Manhã
691,11:31,11,31,Manhã
692,11:32,11,32,Manhã
693,11:33,11,33,Manhã
694,11:34,11,34,Manhã
695,11:35,11,35,Manhã
696,11:36,11,36,Manhã
697,11:37,11,37,Manhã
698,11:38,11,38,Manhã
699,11:39,11,39,Manhã
700,11:40,11,40,Manhã
701,11:41,11,41,Manhã
702,11:42,11,42,Manhã
703,11:43,11,43,Manhã
704,11:44,11,44,Manhã
705,11:45,11,45,Manhã
706,11:46,11,46,Manhã
707,11:47,11,47,Manhã
708,11:48,11,48,Manhã
709,11:49,11,49,Manhã
710,11:50,11,50,Manhã
711,11:51,11,51,Manhã
712,11:52,11,52,Manhã
713,11:53,11,53,Manhã
714,11:54,11,54,Manhã
715,11:55,11,55,Manhã
716,11:56,11,56,Manhã
717,11:57,11,57,Manhã
718,11:58,11,58,Manhã
719,11:59,11,59,Manhã
720,12:00,12,0,Tarde
721,12:01,12,1,Tarde
722,12:02,12,2,Tarde
723,12:03,12,3,Tarde
724,12:04,12,4,Tarde
725,12:05,12,5,Tarde
726,12:06,12,6,Tarde
727,12:07,12,7,Tarde
728,12:08,12,8,Tarde
729,12:09,12,9,Tarde
730,12:10,12,10,Tarde
731,12:11,12,11,Tarde
732,12:12,12,12,Tarde
733,12:13,12,13,Tarde
734,12:14,12,14,Tarde
735,12:15,12,15,Tarde
736,12:16,12,16,Tarde
737,12:17,12,17,Tarde
738,12:18,12,18,Tarde
739,12:19,12,19,Tarde
740,12:20,12,20,Tarde
741,12:21,12,21,Tarde
742,12:22,12,22,Tarde
743,12:23,12,23,Tarde
744,12:24,12,24,Tarde
745,12:25,12,25,Tarde
746,12:26,12,26,Tarde
747,12:27,12,27,Tarde
748,12:28,12,28,Tarde
749,12:29,12,29,Tarde
750,12:30,12,30,Tarde
751,12:31,12,31,Tarde
752,12:32,12,32,Tarde
753,12:33,12,33,Tarde
754,12:34,12,34,Tarde
755,12:35,12,35,Tarde
756,12:36,12,36,Tarde
757,12:37,12,37,Tarde
758,12:38,12,38,Tarde
759,12:39,12,39,Tarde
760,12:40,12,40,Tarde
761,12:41,12,41,Tarde
762,12:42,12,42,Tarde
763,12:43,12,43,Tarde
764,12:44,12,44,Tarde
765,12:45,12,45,Tarde
766,12:46,12,46,Tarde
767,12:47,12,47,Tarde
768,12:48,12,48,Tarde
769,12:49,12,49,Tarde
770,12:50,12,50,Tarde
771,12:51,12,51,Tarde
772,12:52,12,52,Tarde
773,12:53,12,53,Tarde
774,12:54,12,54,Tarde
775,12:55,12,55,Tarde
776,12:56,12,56,Tarde
777,12:57,12,57,Tarde
778,12:58,12,58,Tarde
779,12:59,12,59,Tarde
780,13:00,13,0,Tarde
781,13:01,13,1,Tarde
782,13:02,13,2,Tarde
783,13:03,13,3,Tarde
784,13:04,13,4,Tarde
785,13:05,13,5,Tarde
786,13:06,13,6,Tarde
787,13:07,13,7,Tarde
788,13:08,13,8,Tarde
789,13:09,13,9,Tarde
790,13:10,13,10,Tarde
791,13:11,13,11,Tarde
792,13:12,13,12,Tarde
793,13:13,13,13,Tarde
794,13:14,13,14,Tarde
795,13:15,13,15,Tarde
796,13:16,13,16,Tarde
797,13:17,13,17,Tarde
798,13:18,13,18,Tarde
799,13:19,13,19,Tarde
800,13:20,13,20,Tarde
801,13:21,13,21,Tarde
802,13:22,13,22,Tarde
803,13:23,13,23,Tarde
804,13:24,13,24,Tarde
805,13:25,13,25,Tarde
806,13:26,13,26,Tarde
807,13:27,13,27,Tarde
808,13:28,13,28,Tarde
809,13:29,13,29,Tarde
810,13:30,13,30,Tarde
811,13:31,13,31,Tarde
812,13:32,13,32,Tarde
813,13:33,13,33,Tarde
814,13:34,13,34,Tarde
815,13:35,13,35,Tarde
816,13:36,13,36,Tarde
817,13:37,13,37,Tarde
818,13:38,13,38,Tarde
819,13:39,13,39,Tarde
820,13:40,13,40,Tarde
821,13:41,13,41,Tarde
822,13:42,13,42,Tarde
823,13:43,13,43,Tarde
824,13:44,13,44,Tarde
825,13:45,13,45,Tarde
826,13:46,13,46,Tarde
827,13:47,13,47,Tarde
828,13:48,13,48,Tarde
829,13:49,13,49,Tarde
830,13:50,13,50,Tarde
831,13:51,13,51,Tarde
832,13:52,13,52,Tarde
833,13:53,13,53,Tarde
834,13:54,13,54,Tarde
835,13:55,13,55,Tarde
836,13:56,13,56,Tarde
837,13:57,13,57,Tarde
838,13:58,13,58,Tarde
839,13:59,13,59,Tarde
840,14:00,14,0,Tarde
841,14:01,14,1,Tarde
842,14:02,14,2,Tarde
843,14:03,14,3,Tarde
844,14:04,14,4,Tarde
845,14:05,14,5,Tarde
846,14:06,14,6,Tarde
847,14:07,14,7,Tarde
848,14:08,14,8,Tarde
849,14:09,14,9,Tarde
850,14:10,14,10,Tarde
851,14:11,14,11,Tarde
852,14:12,14,12,Tarde
853,14:13,14,13,Tarde
854,14:14,14,14,Tarde
855,14:15,14,15,Tarde
856,14:16,14,16,Tarde
857,14:17,14,17,Tarde
858,14:18,14,18,Tarde
859,14:19,14,19,Tarde
860,14:20,14,20,Tarde
861,14:21,14,21,Tarde
862,14:22,14,22,Tarde
863,14:23,14,23,Tarde
864,14:24,14,24,Tarde
865,14:25,14,25,Tarde
866,14:26,14,26,Tarde
867,14:27,14,27,Tarde
868,14:28,14,28,Tarde
869,14:29,14,29,Tarde
870,14:30,14,30,Tarde
871,14:31,14,31,Tarde
872,14:32,14,32,Tarde
873,14:33,14,33,Tarde
874,14:34,14,34,Tarde
875,14:35,14,35,Tarde
876,14:36,14,36,Tarde
877,14:37,14,37,Tarde
878,14:38,14,38,Tarde
879,14:39,14,39,Tarde
880,14:40,14,40,Tarde
881,14:41,14,41,Tarde
882,14:42,14,42,Tarde
883,14:43,14,43,Tarde
884,14:44,14,44,Tarde
885,14:45,14,45,Tarde
886,14:46,14,46,Tarde
887,14:47,14,47,Tarde
888,14:48,14,48,Tarde
889,14:49,14,49,Tarde
890,14:50,14,50,Tarde
891,14:51,14,51,Tarde
892,14:52,14,52,Tarde
893,14:53,14,53,Tarde
894,14:54,14,54,Tarde
895,14:55,14,55,Tarde
896,14:56,14,56,Tarde
897,14:57,14,57,Tarde
898,14:58,14,58,Tarde
899,14:59,14,59,Tarde
900,15:00,15,0,Tarde
901,15:01,15,1,Tarde
902,15:02,15,2,Tarde
903,15:03,15,3,Tarde
904,15:04,15,4,Tarde
905,15:05,15,5,Tarde
906,15:06,15,6,Tarde
907,15:07,15,7,Tarde
908,15:08,15,8,Tarde
909,15:09,15,9,Tarde
910,15:10,15,10,Tarde
911,15:11,15,11,Tarde
912,15:12,15,12,Tarde
913,15:13,15,13,Tarde
914,15:14,15,14,Tarde
915,15:15,15,15,Tarde
916,15:16,15,16,Tarde
917,15:17,15,17,Tarde
918,15:18,15,18,Tarde
919,15:19,15,19,Tarde
920,15:20,15,20,Tarde
921,15:21,15,21,Tarde
922,15:22,15,22,Tarde
923,15:23,15,23,Tarde
924,15:24,15,24,Tarde
925,15:25,15,25,Tarde
926,15:26,15,26,Tarde
927,15:27,15,27,Tarde
928,15:28,15,28,Tarde
929,15:29,15,29,Tarde
930,15:30,15,30,Tarde
931,15:31,15,31,Tarde
932,15:32,15,32,Tarde
933,15:33,15,33,Tarde
934,15:34,15,34,Tarde
935,15:35,15,35,Tarde
936,15:36,15,36,Tarde
937,15:37,15,37,Tarde
938,15:38,15,38,Tarde
939,15:39,15,39,Tarde
940,15:40,15,40,Tarde
941,15:41,15,41,Tarde
942,15:42,15,42,Tarde
943,15:43,15,43,Tarde
944,15:44,15,44,Tarde
945,15:45,15,45,Tarde
946,15:46,15,46,Tarde
947,15:47,15,47,Tarde
948,15:48,15,48,Tarde
949,15:49,15,49,Tarde
950,15:50,15,50,Tarde
951,15:51,15,51,Tarde
952,15:52,15,52,Tarde
953,15:53,15,53,Tarde
954,15:54,15,54,Tarde
955,15:55,15,55,Tarde
956,15:56,15,56,Tarde
957,15:57,15,57,Tarde
958,15:58,15,58,Tarde
959,15:59,15,59,Tarde
960,16:00,16,0,Tarde
961,16:01,16,1,Tarde
962,16:02,16,2,Tarde
963,16:03,16,3,Tarde
964,16:04,16,4,Tarde
965,16:05,16,5,Tarde
966,16:06,16,6,Tarde
967,16:07,16,7,Tarde
968,16:08,16,8,Tarde
969,16:09,16,9,Tarde
970,16:10,16,10,Tarde
971,16:11,16,11,Tarde
972,16:12,16,12,Tarde
973,16:13,16,13,Tarde
974,16:14,16,14,Tarde
975,16:15,16,15,Tarde
976,16:16,16,16,Tarde
977,16:17,16,17,Tarde
978,16:18,16,18,Tarde
979,16:19,16,19,Tarde
980,16:20,16,20,Tarde
981,16:21,16,21,Tarde
982,16:22,16,22,Tarde
983,16:23,16,23,Tarde
984,16:24,16,24,Tarde
985,16:25,16,25,Tarde
986,16:26,16,26,Tarde
987,16:27,16,27,Tarde
988,16:28,16,28,Tarde
989,16:29,16,29,Tarde
990,16:30,16,30,Tarde
991,16:31,16,31,Tarde
992,16:32,16,32,Tarde
993,16:33,16,33,Tarde
994,16:34,16,34,Tarde
995,16:35,16,35,Tarde
996,16:36,16,36,Tarde
997,16:37,16,37,Tarde
998,16:38,16,38,Tarde
999,16:39,16,39,Tarde
1000,16:40,16,40,Tarde
1001,16:41,16,41,Tarde
1002,16:42,16,42,Tarde
1003,16:43,16,43,Tarde
1004,16:44,16,44,Tarde
1005,16:45,16,45,Tarde
1006,16:46,16,46,Tarde
1007,16:47,16,47,Tarde
1008,16:48,16,48,Tarde
1009,16:49,16,49,Tarde
1010,16:50,16,50,Tarde
1011,16:51,16,51,Tarde
1012,16:52,16,52,Tarde
1013,16:53,16,53,Tarde
1014,16:54,16,54,Tarde
1015,16:55,16,55,Tarde
1016,16:56,16,56,Tarde
1017,16:57,16,57,Tarde
1018,16:58,16,58,Tarde
1019,16:59,16,59,Tarde
1020,17:00,17,0,Tarde
1021,17:01,17,1,Tarde
1022,17:02,17,2,Tarde
1023,17:03,17,3,Tarde
1024,17:04,17,4,Tarde
1025,17:05,17,5,Tarde
1026,17:06,17,6,Tarde
1027,17:07,17,7,Tarde
1028,17:08,17,8,Tarde
1029,17:09,17,9,Tarde
1030,17:10,17,10,Tarde
1031,17:11,17,11,Tarde
1032,17:12,17,12,Tarde
1033,17:13,17,13,Tarde
1034,17:14,17,14,Tarde
1035,17:15,17,15,Tarde
1036,17:16,17,16,Tarde
1037,17:17,17,17,Tarde
1038,17:18,17,18,Tarde
1039,17:19,17,19,Tarde
1040,17:20,17,20,Tarde
1041,17:21,17,21,Tarde
1042,17:22,17,22,Tarde
1043,17:23,17,23,Tarde
1044,17:24,17,24,Tarde
1045,17:25,17,25,Tarde
1046,17:26,17,26,Tarde
1047,17:27,17,27,Tarde
1048,17:28,17,28,Tarde
1049,17:29,17,29,Tarde
1050,17:30,17,30,Tarde
1051,17:31,17,31,Tarde
1052,17:32,17,32,Tarde
1053,17:33,17,33,Tarde
1054,17:34,17,34,Tarde
1055,17:35,17,35,Tarde
1056,17:36,17,36,Tarde
1057,17:37,17,37,Tarde
1058,17:38,17,38,Tarde
1059,17:39,17,39,Tarde
1060,17:40,17,40,Tarde
1061,17:41,17,41,Tarde
1062,17:42,17,42,Tarde
1063,17:43,17,43,Tarde
1064,17:44,17,44,Tarde
1065,17:45,17,45,Tarde
1066,17:46,17,46,Tarde
1067,17:47,17,47,Tarde
1068,17:48,17,48,Tarde
1069,17:49,17,49,Tarde
1070,17:50,17,50,Tarde
1071,17:51,17,51,Tarde
1072,17:52,17,52,Tarde
1073,17:53,17,53,Tarde
1074,17:54,17,54,Tarde
1075,17:55,17,55,Tarde
1076,17:56,17,56,Tarde
1077,17:57,17,57,Tarde
1078,17:58,17,58,Tarde
1079,17:59,17,59,Tarde
1080,18:00,18,0,Noite
1081,18:01,18,1,Noite
1082,18:02,18,2,Noite
1083,18:03,18,3,Noite
1084,18:04,18,4,Noite
1085,18:05,18,5,Noite
1086,18:06,18,6,Noite
1087,18:07,18,7,Noite
1088,18:08,18,8,Noite
1089,18:09,18,9,Noite
1090,18:10,18,10,Noite
1091,18:11,18,11,Noite
1092,18:12,18,12,Noite
1093,18:13,18,13,Noite
1094,18:14,18,14,Noite
1095,18:15,18,15,Noite
1096,18:16,18,16,Noite
1097,18:17,18,17,Noite
1098,18:18,18,18,Noite
1099,18:19,18,19,Noite
1100,18:20,18,20,Noite
1101,18:21,18,21,Noite
1102,18:22,18,22,Noite
1103,18:23,18,23,Noite
1104,18:24,18,24,Noite
1105,18:25,18,25,Noite
1106,18:26,18,26,Noite
1107,18:27,18,27,Noite
1108,18:28,18,28,Noite
1109,18:29,18,29,Noite
1110,18:30,18,30,Noite
1111,18:31,18,31,Noite
1112,18:32,18,32,Noite
1113,18:33,18,33,Noite
1114,18:34,18,34,Noite
1115,18:35,18,35,Noite
1116,18:36,18,36,Noite
1117,18:37,18,37,Noite
1118,18:38,18,38,Noite
1119,18:39,18,39,Noite
1120,18:40,18,40,Noite
1121,18:41,18,41,Noite
1122,18:42,18,42,Noite
1123,18:43,18,43,Noite
1124,18:44,18,44,Noite
1125,18:45,18,45,Noite
1126,18:46,18,46,Noite
1127,18:47,18,47,Noite
1128,18:48,18,48,Noite
1129,18:49,18,49,Noite
1130,18:50,18,50,Noite
1131,18:51,18,51,Noite
1132,18:52,18,52,Noite
1133,18:53,18,53,Noite
1134,18:54,18,54,Noite
1135,18:55,18,55,Noite
1136,18:56,18,56,Noite
1137,18:57,18,57,Noite
1138,18:58,18,58,Noite
1139,18:59,18,59,Noite
1140,19:00,19,0,Noite
1141,19:01,19,1,Noite
1142,19:02,19,2,Noite
1143,19:03,19,3,Noite
1144,19:04,19,4,Noite
1145,19:05,19,5,Noite
1146,19:06,19,6,Noite
1147,19:07,19,7,Noite
1148,19:08,19,8,Noite
1149,19:09,19,9,Noite
1150,19:10,19,10,Noite
1151,19:11,19,11,Noite
1152,19:12,19,12,Noite
1153,19:13,19,13,Noite
1154,19:14,19,14,Noite
1155,19:15,19,15,Noite
1156,19:16,19,16,Noite
1157,19:17,19,17,Noite
1158,19:18,19,18,Noite
1159,19:19,19,19,Noite
1160,19:20,19,20,Noite
1161,19:21,19,21,Noite
1162,19:22,19,22,Noite
1163,19:23,19,23,Noite
1164,19:24,19,24,Noite
1165,19:25,19,25,Noite
1166,19:26,19,26,Noite
1167,19:27,19,27,Noite
1168,19:28,19,28,Noite
1169,19:29,19,29,Noite
1170,19:30,19,30,Noite
1171,19:31,19,31,Noite
1172,19:32,19,32,Noite
1173,19:33,19,33,Noite
1174,19:34,19,34,Noite
1175,19:35,19,35,Noite
1176,19:36,19,36,Noite
1177,19:37,19,37,Noite
1178,19:38,19,38,Noite
1179,19:39,19,39,Noite
1180,19:40,19,40,Noite
1181,19:41,19,41,Noite
1182,19:42,19,42,Noite
1183,19:43,19,43,Noite
1184,19:44,19,44,Noite
1185,19:45,19,45,Noite
1186,19:46,19,46,Noite
1187,19:47,19,47,Noite
1188,19:48,19,48,Noite
1189,19:49,19,49,Noite
1190,19:50,19,50,Noite
1191,19:51,19,51,Noite
1192,19:52,19,52,Noite
1193,19:53,19,53,Noite
1194,19:54,19,54,Noite
1195,19:55,19,55,Noite
1196,19:56,19,56,Noite
1197,19:57,19,57,Noite
1198,19:58,19,58,Noite
1199,19:59,19,59,Noite
1200,20:00,20,0,Noite
1201,20:01,20,1,Noite
1202,20:02,20,2,Noite
1203,20:03,20,3,Noite
1204,20:04,20,4,Noite
1205,20:05,20,5,Noite
1206,20:06,20,6,Noite
1207,20:07,20,7,Noite
1208,20:08,20,8,Noite
1209,20:09,20,9,Noite
1210,20:10,20,10,Noite
1211,20:11,20,11,Noite
1212,20:12,20,12,Noite
1213,20:13,20,13,Noite
1214,20:14,20,14,Noite
1215,20:15,20,15,Noite
1216,20:16,20,16,Noite
1217,20:17,20,17,Noite
1218,20:18,20,18,Noite
1219,20:19,20,19,Noite
1220,20:20,20,20,Noite
1221,20:21,20,21,Noite
1222,20:22,20,22,Noite
1223,20:23,20,23,Noite
1224,20:24,20,24,Noite
1225,20:25,20,25,Noite
1226,20:26,20,26,Noite
1227,20:27,20,27,Noite
1228,20:28,20,28,Noite
1229,20:29,20,29,Noite
1230,20:30,20,30,Noite
1231,20:31,20,31,Noite
1232,20:32,20,32,Noite
1233,20:33,20,33,Noite
1234,20:34,20,34,Noite
1235,20:35,20,35,Noite
1236,20:36,20,36,Noite
1237,20:37,20,37,Noite
1238,20:38,20,38,Noite
1239,20:39,20,39,Noite
1240,20:40,20,40,Noite
1241,20:41,20,41,Noite
1242,20:42,20,42,Noite
1243,20:43,20,43,Noite
1244,20:44,20,44,Noite
1245,20:45,20,45,Noite
1246,20:46,20,46,Noite
1247,20:47,20,47,Noite
1248,20:48,20,48,Noite
1249,20:49,20,49,Noite
1250,20:50,20,50,Noite
1251,20:51,20,51,Noite
1252,20:52,20,52,Noite
1253,20:53,20,53,Noite
1254,20:54,20,54,Noite
1255,20:55,20,55,Noite
1256,20:56,20,56,Noite
1257,20:57,20,57,Noite
1258,20:58,20,58,Noite
1259,20:59,20,59,Noite
1260,21:00,21,0,Noite
1261,21:01,21,1,Noite
1262,21:02,21,2,Noite
1263,21:03,21,3,Noite
1264,21:04,21,4,Noite
1265,21:05,21,5,Noite
1266,21:06,21,6,Noite
1267,21:07,21,7,Noite
1268,21:08,21,8,Noite
1269,21:09,21,9,Noite
1270,21:10,21,10,Noite
1271,21:11,21,11,Noite
1272,21:12,21,12,Noite
1273,21:13,21,13,Noite
1274,21:14,21,14,Noite
1275,21:15,21,15,Noite
1276,21:16,21,16,Noite
1277,21:17,21,17,Noite
1278,21:18,21,18,Noite
1279,21:19,21,19,Noite
1280,21:20,21,20,Noite
1281,21:21,21,21,Noite
1282,21:22,21,22,Noite
1283,21:23,21,23,Noite
1284,21:24,21,24,Noite
1285,21:25,21,25,Noite
1286,21:26,21,26,Noite
1287,21:27,21,27,Noite
1288,21:28,21,28,Noite
1289,21:29,21,29,Noite
1290,21:30,21,30,Noite
1291,21:31,21,31,Noite
1292,21:32,21,32,Noite
1293,21:33,21,33,Noite
1294,21:34,21,34,Noite
1295,21:35,21,35,Noite
1296,21:36,21,36,Noite
1297,21:37,21,37,Noite
1298,21:38,21,38,Noite
1299,21:39,21,39,Noite
1300,21:40,21,40,Noite
1301,21:41,21,41,Noite
1302,21:42,21,42,Noite
1303,21:43,21,43,Noite
1304,21:44,21,44,Noite
1305,21:45,21,45,Noite
1306,21:46,21,46,Noite
1307,21:47,21,47,Noite
1308,21:48,21,48,Noite
1309,21:49,21,49,Noite
1310,21:50,21,50,Noite
1311,21:51,21,51,Noite
1312,21:52,21,52,Noite
1313,21:53,21,53,Noite
1314,21:54,21,54,Noite
1315,21:55,21,55,Noite
1316,21:56,21,56,Noite
1317,21:57,21,57,Noite
1318,21:58,21,58,Noite
1319,21:59,21,59,Noite
1320,22:00,22,0,Noite
1321,22:01,22,1,Noite
1322,22:02,22,2,Noite
1323,22:03,22,3,Noite
1324,22:04,22,4,Noite
1325,22:05,22,5,Noite
1326,22:06,22,6,Noite
1327,22:07,22,7,Noite
1328,22:08,22,8,Noite
1329,22:09,22,9,Noite
1330,22:10,22,10,Noite
1331,22:11,22,11,Noite
1332,22:12,22,12,Noite
1333,22:13,22,13,Noite
1334,22:14,22,14,Noite
1335,22:15,22,15,Noite
1336,22:16,22,16,Noite
1337,22:17,22,17,Noite
1338,22:18,22,18,Noite
1339,22:19,22,19,Noite
1340,22:20,22,20,Noite
1341,22:21,22,21,Noite
1342,22:22,22,22,Noite
1343,22:23,22,23,Noite
1344,22:24,22,24,Noite
1345,22:25,22,25,Noite
1346,22:26,22,26,Noite
1347,22:27,22,27,Noite
1348,22:28,22,28,Noite
1349,22:29,22,29,Noite
1350,22:30,22,30,Noite
1351,22:31,22,31,Noite
1352,22:32,22,32,Noite
1353,22:33,22,33,Noite
1354,22:34,22,34,Noite
1355,22:35,22,35,Noite
1356,22:36,22,36,Noite
1357,22:37,22,37,Noite
1358,22:38,22,38,Noite
1359,22:39,22,39,Noite
1360,22:40,22,40,Noite
1361,22:41,22,41,Noite
1362,22:42,22,42,Noite
1363,22:43,22,43,Noite
1364,22:44,22,44,Noite
1365,22:45,22,45,Noite
1366,22:46,22,46,Noite
1367,22:47,22,47,Noite
1368,22:48,22,48,Noite
1369,22:49,22,49,Noite
1370,22:50,22,50,Noite
1371,22:51,22,51,Noite
1372,22:52,22,52,Noite
1373,22:53,22,53,Noite
1374,22:54,22,54,Noite
1375,22:55,22,55,Noite
1376,22:56,22,56,Noite
1377,22:57,22,57,Noite
1378,22:58,22,58,Noite
1379,22:59,22,59,Noite
1380,23:00,23,0,Noite
1381,23:01,23,1,Noite
1382,23:02,23,2,Noite
1383,23:03,23,3,Noite
1384,23:04,23,4,Noite
1385,23:05,23,5,Noite
1386,23:06,23,6,Noite
1387,23:07,23,7,Noite
1388,23:08,23,8,Noite
1389,23:09,23,9,Noite
1390,23:10,23,10,Noite
1391,23:11,23,11,Noite
1392,23:12,23,12,Noite
1393,23:13,23,13,Noite
1394,23:14,23,14,Noite
1395,23:15,23,15,Noite
1396,23:16,23,16,Noite
1397,23:17,23,17,Noite
1398,23:18,23,18,Noite
1399,23:19,23,19,Noite
1400,23:20,23,20,Noite
1401,23:21,23,21,Noite
1402,23:22,23,22,Noite
1403,23:23,23,23,Noite
1404,23:24,23,24,Noite
1405,23:25,23,25,Noite
1406,23:26,23,26,Noite
1407,23:27,23,27,Noite
1408,23:28,23,28,Noite
1409,23:29,23,29,Noite
1410,23:30,23,30,Noite
1411,23:31,23,31,Noite
1412,23:32,23,32,Noite
1413,23:33,23,33,Noite
1414,23:34,23,34,Noite
1415,23:35,23,35,Noite
1416,23:36,23,36,Noite
1417,23:37,23,37,Noite
1418,23:38,23,38,Noite
1419,23:39,23,39,Noite
1420,23:40,23,40,Noite
1421,23:41,23,41,Noite
1422,23:42,23,42,Noite
1423,23:43,23,43,Noite
1424,23:44,23,44,Noite
1425,23:45,23,45,Noite
1426,23:46,23,46,Noite
1427,23:47,23,47,Noite
1428,23:48,23,48,Noite
1429,23:49,23,49,Noite
1430,23:50,23,50,Noite
1431,23:51,23,51,Noite
1432,23:52,23,52,Noite
1433,23:53,23,53,Noite
1434,23:54,23,54,Noite
1435,23:55,23,55,Noite
1436,23:56,23,56,Noite
1437,23:57,23,57,Noite
1438,23:58,23,58,Noite
1439,23:59,23,59,Noite
