chave_data,data,ano,mes,dia,nome_dia_semana,fim_de_semana,trimestre,alta_temporada,feriado,nome_feriado
20160904,2016-09-04,2016,9,4,Domingo,1,3,0,0,
20160905,2016-09-05,2016,9,5,Segunda-feira,0,3,0,0,
20160906,2016-09-06,2016,9,6,Terça-feira,0,3,0,0,
20160907,2016-09-07,2016,9,7,Quarta-feira,0,3,0,1,Independência do Brasil
20160908,2016-09-08,2016,9,8,Quinta-feira,0,3,0,0,
20160909,2016-09-09,2016,9,9,Sexta-feira,0,3,0,0,
20160910,2016-09-10,2016,9,10,Sábado,1,3,0,0,
20160911,2016-09-11,2016,9,11,Domingo,1,3,0,0,
20160912,2016-09-12,2016,9,12,Segunda-feira,0,3,0,0,
20160913,2016-09-13,2016,9,13,Terça-feira,0,3,0,0,
20160914,2016-09-14,2016,9,14,Quarta-feira,0,3,0,0,
20160915,2016-09-15,2016,9,15,Quinta-feira,0,3,0,0,
20160916,2016-09-16,2016,9,16,Sexta-feira,0,3,0,0,
20160917,2016-09-17,2016,9,17,Sábado,1,3,0,0,
20160918,2016-09-18,2016,9,18,Domingo,1,3,0,0,
20160919,2016-09-19,2016,9,19,Segunda-feira,0,3,0,0,
20160920,2016-09-20,2016,9,20,Terça-feira,0,3,0,0,
20160921,2016-09-21,2016,9,21,Quarta-feira,0,3,0,0,
20160922,2016-09-22,2016,9,22,Quinta-feira,0,3,0,0,
20160923,2016-09-23,2016,9,23,Sexta-feira,0,3,0,0,
20160924,2016-09-24,2016,9,24,Sábado,1,3,0,0,
20160925,2016-09-25,2016,9,25,Domingo,1,3,0,0,
20160926,2016-09-26,2016,9,26,Segunda-feira,0,3,0,0,
20160927,2016-09-27,2016,9,27,Terça-feira,0,3,0,0,
20160928,2016-09-28,2016,9,28,Quarta-feira,0,3,0,0,
20160929,2016-09-29,2016,9,29,Quinta-feira,0,3,0,0,
20160930,2016-09-30,2016,9,30,Sexta-feira,0,3,0,0,
20161001,2016-10-01,2016,10,1,Sábado,1,4,0,0,
20161002,2016-10-02,2016,10,2,Domingo,1,4,0,0,
20161003,2016-10-03,2016,10,3,Segunda-feira,0,4,0,0,
20161004,2016-10-04,2016,10,4,Terça-feira,0,4,0,0,
20161005,2016-10-05,2016,10,5,Quarta-feira,0,4,0,0,
20161006,2016-10-06,2016,10,6,Quinta-feira,0,4,0,0,
20161007,2016-10-07,2016,10,7,Sexta-feira,0,4,0,0,
20161008,2016-10-08,2016,10,8,Sábado,1,4,0,0,
20161009,2016-10-09,2016,10,9,Domingo,1,4,0,0,
20161010,2016-10-10,2016,10,10,Segunda-feira,0,4,0,0,
20161011,2016-10-11,2016,10,11,Terça-feira,0,4,0,0,
20161012,2016-10-12,2016,10,12,Quarta-feira,0,4,0,1,Nossa Senhora Aparecida
20161013,2016-10-13,2016,10,13,Quinta-feira,0,4,0,0,
20161014,2016-10-14,2016,10,14,Sexta-feira,0,4,0,0,
20161015,2016-10-15,2016,10,15,Sábado,1,4,0,0,
20161016,2016-10-16,2016,10,16,Domingo,1,4,0,0,
20161017,2016-10-17,2016,10,17,Segunda-feira,0,4,0,0,
20161018,2016-10-18,2016,10,18,Terça-feira,0,4,0,0,
20161019,2016-10-19,2016,10,19,Quarta-feira,0,4,0,0,
20161020,2016-10-20,2016,10,20,Quinta-feira,0,4,0,0,
20161021,2016-10-21,2016,10,21,Sexta-feira,0,4,0,0,
20161022,2016-10-22,2016,10,22,Sábado,1,4,0,0,
20161023,2016-10-23,2016,10,23,Domingo,1,4,0,0,
20161024,2016-10-24,2016,10,24,Segunda-feira,0,4,0,0,
20161025,2016-10-25,2016,10,25,Terça-feira,0,4,0,0,
20161026,2016-10-26,2016,10,26,Quarta-feira,0,4,0,0,
20161027,2016-10-27,2016,10,27,Quinta-feira,0,4,0,0,
20161028,2016-10-28,2016,10,28,Sexta-feira,0,4,0,1,Dia do Servidor Público
20161029,2016-10-29,2016,10,29,Sábado,1,4,0,0,
20161030,2016-10-30,2016,10,30,Domingo,1,4,0,0,
20161031,2016-10-31,2016,10,31,Segunda-feira,0,4,0,0,
20161101,2016-11-01,2016,11,1,Terça-feira,0,4,0,0,
20161102,2016-11-02,2016,11,2,Quarta-feira,0,4,0,1,Finados
20161103,2016-11-03,2016,11,3,Quinta-feira,0,4,0,0,
20161104,2016-11-04,2016,11,4,Sexta-feira,0,4,0,0,
20161105,2016-11-05,2016,11,5,Sábado,1,4,0,0,
20161106,2016-11-06,2016,11,6,Domingo,1,4,0,0,
20161107,2016-11-07,2016,11,7,Segunda-feira,0,4,0,0,
20161108,2016-11-08,2016,11,8,Terça-feira,0,4,0,0,
20161109,2016-11-09,2016,11,9,Quarta-feira,0,4,0,0,
20161110,2016-11-10,2016,11,10,Quinta-feira,0,4,0,0,
20161111,2016-11-11,2016,11,11,Sexta-feira,0,4,0,0,
20161112,2016-11-12,2016,11,12,Sábado,1,4,0,0,
20161113,2016-11-13,2016,11,13,Domingo,1,4,0,0,
20161114,2016-11-14,2016,11,14,Segunda-feira,0,4,0,0,
20161115,2016-11-15,2016,11,15,Terça-feira,0,4,0,1,Proclamação da República
20161116,2016-11-16,2016,11,16,Quarta-feira,0,4,0,0,
20161117,2016-11-17,2016,11,17,Quinta-feira,0,4,0,0,
20161118,2016-11-18,2016,11,18,Sexta-feira,0,4,0,0,
20161119,2016-11-19,2016,11,19,Sábado,1,4,0,0,
20161120,2016-11-20,2016,11,20,Domingo,1,4,0,0,
20161121,2016-11-21,2016,11,21,Segunda-feira,0,4,0,0,
20161122,2016-11-22,2016,11,22,Terça-feira,0,4,0,0,
20161123,2016-11-23,2016,11,23,Quarta-feira,0,4,0,0,
20161124,2016-11-24,2016,11,24,Quinta-feira,0,4,0,0,
20161125,2016-11-25,2016,11,25,Sexta-feira,0,4,0,0,
20161126,2016-11-26,2016,11,26,Sábado,1,4,0,0,
20161127,2016-11-27,2016,11,27,Domingo,1,4,0,0,
20161128,2016-11-28,2016,11,28,Segunda-feira,0,4,0,0,
20161129,2016-11-29,2016,11,29,Terça-feira,0,4,0,0,
20161130,2016-11-30,2016,11,30,Quarta-feira,0,4,0,0,
20161201,2016-12-01,2016,12,1,Quinta-feira,0,4,0,0,
20161202,2016-12-02,2016,12,2,Sexta-feira,0,4,0,0,
20161203,2016-12-03,2016,12,3,Sábado,1,4,0,0,
20161204,2016-12-04,2016,12,4,Domingo,1,4,0,0,
20161205,2016-12-05,2016,12,5,Segunda-feira,0,4,0,0,
20161206,2016-12-06,2016,12,6,Terça-feira,0,4,0,0,
20161207,2016-12-07,2016,12,7,Quarta-feira,0,4,0,0,
20161208,2016-12-08,2016,12,8,Quinta-feira,0,4,0,0,
20161209,2016-12-09,2016,12,9,Sexta-feira,0,4,0,0,
20161210,2016-12-10,2016,12,10,Sábado,1,4,0,0,
20161211,2016-12-11,2016,12,11,Domingo,1,4,0,0,
20161212,2016-12-12,2016,12,12,Segunda-feira,0,4,0,0,
20161213,2016-12-13,2016,12,13,Terça-feira,0,4,0,0,
20161214,2016-12-14,2016,12,14,Quarta-feira,0,4,0,0,
20161215,2016-12-15,2016,12,15,Quinta-feira,0,4,0,0,
20161216,2016-12-16,2016,12,16,Sexta-feira,0,4,0,0,
20161217,2016-12-17,2016,12,17,Sábado,1,4,0,0,
20161218,2016-12-18,2016,12,18,Domingo,1,4,0,0,
20161219,2016-12-19,2016,12,19,Segunda-feira,0,4,0,0,
20161220,2016-12-20,2016,12,20,Terça-feira,0,4,0,0,
20161221,2016-12-21,2016,12,21,Quarta-feira,0,4,0,0,
20161222,2016-12-22,2016,12,22,Quinta-feira,0,4,0,0,
20161223,2016-12-23,2016,12,23,Sexta-feira,0,4,0,0,
20161224,2016-12-24,2016,12,24,Sábado,1,4,0,1,Véspera de Natal
20161225,2016-12-25,2016,12,25,Domingo,1,4,0,1,Natal
20161226,2016-12-26,2016,12,26,Segunda-feira,0,4,0,0,
20161227,2016-12-27,2016,12,27,Terça-feira,0,4,0,0,
20161228,2016-12-28,2016,12,28,Quarta-feira,0,4,0,0,
20161229,2016-12-29,2016,12,29,Quinta-feira,0,4,0,0,
20161230,2016-12-30,2016,12,30,Sexta-feira,0,4,0,0,
20161231,2016-12-31,2016,12,31,Sábado,1,4,0,1,Véspera de Ano-Novo
20170101,2017-01-01,2017,1,1,Domingo,1,1,0,1,Confraternização Universal
20170102,2017-01-02,2017,1,2,Segunda-feira,0,1,0,0,
20170103,2017-01-03,2017,1,3,Terça-feira,0,1,0,0,
20170104,2017-01-04,2017,1,4,Quarta-feira,0,1,0,0,
20170105,2017-01-05,2017,1,5,Quinta-feira,0,1,0,0,
20170106,2017-01-06,2017,1,6,Sexta-feira,0,1,0,0,
20170107,2017-01-07,2017,1,7,Sábado,1,1,0,0,
20170108,2017-01-08,2017,1,8,Domingo,1,1,0,0,
20170109,2017-01-09,2017,1,9,Segunda-feira,0,1,0,0,
20170110,2017-01-10,2017,1,10,Terça-feira,0,1,0,0,
20170111,2017-01-11,2017,1,11,Quarta-feira,0,1,0,0,
20170112,2017-01-12,2017,1,12,Quinta-feira,0,1,0,0,
20170113,2017-01-13,2017,1,13,Sexta-feira,0,1,0,0,
20170114,2017-01-14,2017,1,14,Sábado,1,1,0,0,
20170115,2017-01-15,2017,1,15,Domingo,1,1,0,0,
20170116,2017-01-16,2017,1,16,Segunda-feira,0,1,0,0,
20170117,2017-01-17,2017,1,17,Terça-feira,0,1,0,0,
20170118,2017-01-18,2017,1,18,Quarta-feira,0,1,0,0,
20170119,2017-01-19,2017,1,19,Quinta-feira,0,1,0,0,
20170120,2017-01-20,2017,1,20,Sexta-feira,0,1,0,0,
20170121,2017-01-21,2017,1,21,Sábado,1,1,0,0,
20170122,2017-01-22,2017,1,22,Domingo,1,1,0,0,
20170123,2017-01-23,2017,1,23,Segunda-feira,0,1,0,0,
20170124,2017-01-24,2017,1,24,Terça-feira,0,1,0,0,
20170125,2017-01-25,2017,1,25,Quarta-feira,0,1,0,0,
20170126,2017-01-26,2017,1,26,Quinta-feira,0,1,0,0,
20170127,2017-01-27,2017,1,27,Sexta-feira,0,1,0,0,
20170128,2017-01-28,2017,1,28,Sábado,1,1,0,0,
20170129,2017-01-29,2017,1,29,Domingo,1,1,0,0,
20170130,2017-01-30,2017,1,30,Segunda-feira,0,1,0,0,
20170131,2017-01-31,2017,1,31,Terça-feira,0,1,0,0,
20170201,2017-02-01,2017,2,1,Quarta-feira,0,1,0,0,
20170202,2017-02-02,2017,2,2,Quinta-feira,0,1,0,0,
20170203,2017-02-03,2017,2,3,Sexta-feira,0,1,0,0,
20170204,2017-02-04,2017,2,4,Sábado,1,1,0,0,
20170205,2017-02-05,2017,2,5,Domingo,1,1,0,0,
20170206,2017-02-06,2017,2,6,Segunda-feira,0,1,0,0,
20170207,2017-02-07,2017,2,7,Terça-feira,0,1,0,0,
20170208,2017-02-08,2017,2,8,Quarta-feira,0,1,0,0,
20170209,2017-02-09,2017,2,9,Quinta-feira,0,1,0,0,
20170210,2017-02-10,2017,2,10,Sexta-feira,0,1,0,0,
20170211,2017-02-11,2017,2,11,Sábado,1,1,0,0,
20170212,2017-02-12,2017,2,12,Domingo,1,1,0,0,
20170213,2017-02-13,2017,2,13,Segunda-feira,0,1,0,0,
20170214,2017-02-14,2017,2,14,Terça-feira,0,1,0,0,
20170215,2017-02-15,2017,2,15,Quarta-feira,0,1,0,0,
20170216,2017-02-16,2017,2,16,Quinta-feira,0,1,0,0,
20170217,2017-02-17,2017,2,17,Sexta-feira,0,1,0,0,
20170218,2017-02-18,2017,2,18,Sábado,1,1,0,0,
20170219,2017-02-19,2017,2,19,Domingo,1,1,0,0,
20170220,2017-02-20,2017,2,20,Segunda-feira,0,1,0,0,
20170221,2017-02-21,2017,2,21,Terça-feira,0,1,0,0,
20170222,2017-02-22,2017,2,22,Quarta-feira,0,1,0,0,
20170223,2017-02-23,2017,2,23,Quinta-feira,0,1,0,0,
20170224,2017-02-24,2017,2,24,Sexta-feira,0,1,0,0,
20170225,2017-02-25,2017,2,25,Sábado,1,1,0,0,
20170226,2017-02-26,2017,2,26,Domingo,1,1,0,0,
20170227,2017-02-27,2017,2,27,Segunda-feira,0,1,0,1,Carnaval
20170228,2017-02-28,2017,2,28,Terça-feira,0,1,0,1,Carnaval
20170301,2017-03-01,2017,3,1,Quarta-feira,0,1,0,1,Quarta-feira de Cinzas
20170302,2017-03-02,2017,3,2,Quinta-feira,0,1,0,0,
20170303,2017-03-03,2017,3,3,Sexta-feira,0,1,0,0,
20170304,2017-03-04,2017,3,4,Sábado,1,1,0,0,
20170305,2017-03-05,2017,3,5,Domingo,1,1,0,0,
20170306,2017-03-06,2017,3,6,Segunda-feira,0,1,0,0,
20170307,2017-03-07,2017,3,7,Terça-feira,0,1,0,0,
20170308,2017-03-08,2017,3,8,Quarta-feira,0,1,0,0,
20170309,2017-03-09,2017,3,9,Quinta-feira,0,1,0,0,
20170310,2017-03-10,2017,3,10,Sexta-feira,0,1,0,0,
20170311,2017-03-11,2017,3,11,Sábado,1,1,0,0,
20170312,2017-03-12,2017,3,12,Domingo,1,1,0,0,
20170313,2017-03-13,2017,3,13,Segunda-feira,0,1,0,0,
20170314,2017-03-14,2017,3,14,Terça-feira,0,1,0,0,
20170315,2017-03-15,2017,3,15,Quarta-feira,0,1,0,0,
20170316,2017-03-16,2017,3,16,Quinta-feira,0,1,0,0,
20170317,2017-03-17,2017,3,17,Sexta-feira,0,1,0,0,
20170318,2017-03-18,2017,3,18,Sábado,1,1,0,0,
20170319,2017-03-19,2017,3,19,Domingo,1,1,0,0,
20170320,2017-03-20,2017,3,20,Segunda-feira,0,1,0,0,
20170321,2017-03-21,2017,3,21,Terça-feira,0,1,0,0,
20170322,2017-03-22,2017,3,22,Quarta-feira,0,1,0,0,
20170323,2017-03-23,2017,3,23,Quinta-feira,0,1,0,0,
20170324,2017-03-24,2017,3,24,Sexta-feira,0,1,0,0,
20170325,2017-03-25,2017,3,25,Sábado,1,1,0,0,
20170326,2017-03-26,2017,3,26,Domingo,1,1,0,0,
20170327,2017-03-27,2017,3,27,Segunda-feira,0,1,0,0,
20170328,2017-03-28,2017,3,28,Terça-feira,0,1,0,0,
20170329,2017-03-29,2017,3,29,Quarta-feira,0,1,0,0,
20170330,2017-03-30,2017,3,30,Quinta-feira,0,1,0,0,
20170331,2017-03-31,2017,3,31,Sexta-feira,0,1,0,0,
20170401,2017-04-01,2017,4,1,Sábado,1,2,0,0,
20170402,2017-04-02,2017,4,2,Domingo,1,2,0,0,
20170403,2017-04-03,2017,4,3,Segunda-feira,0,2,0,0,
20170404,2017-04-04,2017,4,4,Terça-feira,0,2,0,0,
20170405,2017-04-05,2017,4,5,Quarta-feira,0,2,0,0,
20170406,2017-04-06,2017,4,6,Quinta-feira,0,2,0,0,
20170407,2017-04-07,2017,4,7,Sexta-feira,0,2,0,0,
20170408,2017-04-08,2017,4,8,Sábado,1,2,0,0,
20170409,2017-04-09,2017,4,9,Domingo,1,2,0,0,
20170410,2017-04-10,2017,4,10,Segunda-feira,0,2,0,0,
20170411,2017-04-11,2017,4,11,Terça-feira,0,2,0,0,
20170412,2017-04-12,2017,4,12,Quarta-feira,0,2,0,0,
20170413,2017-04-13,2017,4,13,Quinta-feira,0,2,0,0,
20170414,2017-04-14,2017,4,14,Sexta-feira,0,2,0,1,Sexta-feira Santa
20170415,2017-04-15,2017,4,15,Sábado,1,2,0,0,
20170416,2017-04-16,2017,4,16,Domingo,1,2,0,0,
20170417,2017-04-17,2017,4,17,Segunda-feira,0,2,0,0,
20170418,2017-04-18,2017,4,18,Terça-feira,0,2,0,0,
20170419,2017-04-19,2017,4,19,Quarta-feira,0,2,0,0,
20170420,2017-04-20,2017,4,20,Quinta-feira,0,2,0,0,
20170421,2017-04-21,2017,4,21,Sexta-feira,0,2,0,1,Tiradentes
20170422,2017-04-22,2017,4,22,Sábado,1,2,0,0,
20170423,2017-04-23,2017,4,23,Domingo,1,2,0,0,
20170424,2017-04-24,2017,4,24,Segunda-feira,0,2,0,0,
20170425,2017-04-25,2017,4,25,Terça-feira,0,2,0,0,
20170426,2017-04-26,2017,4,26,Quarta-feira,0,2,0,0,
20170427,2017-04-27,2017,4,27,Quinta-feira,0,2,0,0,
20170428,2017-04-28,2017,4,28,Sexta-feira,0,2,0,0,
20170429,2017-04-29,2017,4,29,Sábado,1,2,0,0,
20170430,2017-04-30,2017,4,30,Domingo,1,2,0,0,
20170501,2017-05-01,2017,5,1,Segunda-feira,0,2,0,1,Dia do Trabalhador
20170502,2017-05-02,2017,5,2,Terça-feira,0,2,0,0,
20170503,2017-05-03,2017,5,3,Quarta-feira,0,2,0,0,
20170504,2017-05-04,2017,5,4,Quinta-feira,0,2,0,0,
20170505,2017-05-05,2017,5,5,Sexta-feira,0,2,0,0,
20170506,2017-05-06,2017,5,6,Sábado,1,2,0,0,
20170507,2017-05-07,2017,5,7,Domingo,1,2,0,0,
20170508,2017-05-08,2017,5,8,Segunda-feira,0,2,0,0,
20170509,2017-05-09,2017,5,9,Terça-feira,0,2,0,0,
20170510,2017-05-10,2017,5,10,Quarta-feira,0,2,0,0,
20170511,2017-05-11,2017,5,11,Quinta-feira,0,2,0,0,
20170512,2017-05-12,2017,5,12,Sexta-feira,0,2,0,0,
20170513,2017-05-13,2017,5,13,Sábado,1,2,0,0,
20170514,2017-05-14,2017,5,14,Domingo,1,2,0,0,
20170515,2017-05-15,2017,5,15,Segunda-feira,0,2,0,0,
20170516,2017-05-16,2017,5,16,Terça-feira,0,2,0,0,
20170517,2017-05-17,2017,5,17,Quarta-feira,0,2,0,0,
20170518,2017-05-18,2017,5,18,Quinta-feira,0,2,0,0,
20170519,2017-05-19,2017,5,19,Sexta-feira,0,2,0,0,
20170520,2017-05-20,2017,5,20,Sábado,1,2,0,0,
20170521,2017-05-21,2017,5,21,Domingo,1,2,0,0,
20170522,2017-05-22,2017,5,22,Segunda-feira,0,2,0,0,
20170523,2017-05-23,2017,5,23,Terça-feira,0,2,0,0,
20170524,2017-05-24,2017,5,24,Quarta-feira,0,2,0,0,
20170525,2017-05-25,2017,5,25,Quinta-feira,0,2,0,0,
20170526,2017-05-26,2017,5,26,Sexta-feira,0,2,0,0,
20170527,2017-05-27,2017,5,27,Sábado,1,2,0,0,
20170528,2017-05-28,2017,5,28,Domingo,1,2,0,0,
20170529,2017-05-29,2017,5,29,Segunda-feira,0,2,0,0,
20170530,2017-05-30,2017,5,30,Terça-feira,0,2,0,0,
20170531,2017-05-31,2017,5,31,Quarta-feira,0,2,0,0,
20170601,2017-06-01,2017,6,1,Quinta-feira,0,2,0,0,
20170602,2017-06-02,2017,6,2,Sexta-feira,0,2,0,0,
20170603,2017-06-03,2017,6,3,Sábado,1,2,0,0,
20170604,2017-06-04,2017,6,4,Domingo,1,2,0,0,
20170605,2017-06-05,2017,6,5,Segunda-feira,0,2,0,0,
20170606,2017-06-06,2017,6,6,Terça-feira,0,2,0,0,
20170607,2017-06-07,2017,6,7,Quarta-feira,0,2,0,0,
20170608,2017-06-08,2017,6,8,Quinta-feira,0,2,0,0,
20170609,2017-06-09,2017,6,9,Sexta-feira,0,2,0,0,
20170610,2017-06-10,2017,6,10,Sábado,1,2,0,0,
20170611,2017-06-11,2017,6,11,Domingo,1,2,0,0,
20170612,2017-06-12,2017,6,12,Segunda-feira,0,2,0,0,
20170613,2017-06-13,2017,6,13,Terça-feira,0,2,0,0,
20170614,2017-06-14,2017,6,14,Quarta-feira,0,2,0,0,
20170615,2017-06-15,2017,6,15,Quinta-feira,0,2,0,1,Corpus Christi
20170616,2017-06-16,2017,6,16,Sexta-feira,0,2,0,0,
20170617,2017-06-17,2017,6,17,Sábado,1,2,0,0,
20170618,2017-06-18,2017,6,18,Domingo,1,2,0,0,
20170619,2017-06-19,2017,6,19,Segunda-feira,0,2,0,0,
20170620,2017-06-20,2017,6,20,Terça-feira,0,2,0,0,
20170621,2017-06-21,2017,6,21,Quarta-feira,0,2,0,0,
20170622,2017-06-22,2017,6,22,Quinta-feira,0,2,0,0,
20170623,2017-06-23,2017,6,23,Sexta-feira,0,2,0,0,
20170624,2017-06-24,2017,6,24,Sábado,1,2,0,0,
20170625,2017-06-25,2017,6,25,Domingo,1,2,0,0,
20170626,2017-06-26,2017,6,26,Segunda-feira,0,2,0,0,
20170627,2017-06-27,2017,6,27,Terça-feira,0,2,0,0,
20170628,2017-06-28,2017,6,28,Quarta-feira,0,2,0,0,
20170629,2017-06-29,2017,6,29,Quinta-feira,0,2,0,0,
20170630,2017-06-30,2017,6,30,Sexta-feira,0,2,0,0,
20170701,2017-07-01,2017,7,1,Sábado,1,3,1,0,
20170702,2017-07-02,2017,7,2,Domingo,1,3,1,0,
20170703,2017-07-03,2017,7,3,Segunda-feira,0,3,1,0,
20170704,2017-07-04,2017,7,4,Terça-feira,0,3,1,0,
20170705,2017-07-05,2017,7,5,Quarta-feira,0,3,1,0,
20170706,2017-07-06,2017,7,6,Quinta-feira,0,3,1,0,
20170707,2017-07-07,2017,7,7,Sexta-feira,0,3,1,0,
20170708,2017-07-08,2017,7,8,Sábado,1,3,1,0,
20170709,2017-07-09,2017,7,9,Domingo,1,3,1,0,
20170710,2017-07-10,2017,7,10,Segunda-feira,0,3,1,0,
20170711,2017-07-11,2017,7,11,Terça-feira,0,3,1,0,
20170712,2017-07-12,2017,7,12,Quarta-feira,0,3,1,0,
20170713,2017-07-13,2017,7,13,Quinta-feira,0,3,1,0,
20170714,2017-07-14,2017,7,14,Sexta-feira,0,3,1,0,
20170715,2017-07-15,2017,7,15,Sábado,1,3,1,0,
20170716,2017-07-16,2017,7,16,Domingo,1,3,1,0,
20170717,2017-07-17,2017,7,17,Segunda-feira,0,3,1,0,
20170718,2017-07-18,2017,7,18,Terça-feira,0,3,1,0,
20170719,2017-07-19,2017,7,19,Quarta-feira,0,3,1,0,
20170720,2017-07-20,2017,7,20,Quinta-feira,0,3,1,0,
20170721,2017-07-21,2017,7,21,Sexta-feira,0,3,1,0,
20170722,2017-07-22,2017,7,22,Sábado,1,3,1,0,
20170723,2017-07-23,2017,7,23,Domingo,1,3,1,0,
20170724,2017-07-24,2017,7,24,Segunda-feira,0,3,1,0,
20170725,2017-07-25,2017,7,25,Terça-feira,0,3,1,0,
20170726,2017-07-26,2017,7,26,Quarta-feira,0,3,1,0,
20170727,2017-07-27,2017,7,27,Quinta-feira,0,3,1,0,
20170728,2017-07-28,2017,7,28,Sexta-feira,0,3,1,0,
20170729,2017-07-29,2017,7,29,Sábado,1,3,1,0,
20170730,2017-07-30,2017,7,30,Domingo,1,3,1,0,
20170731,2017-07-31,2017,7,31,Segunda-feira,0,3,1,0,
20170801,2017-08-01,2017,8,1,Terça-feira,0,3,0,0,
20170802,2017-08-02,2017,8,2,Quarta-feira,0,3,0,0,
20170803,2017-08-03,2017,8,3,Quinta-feira,0,3,0,0,
20170804,2017-08-04,2017,8,4,Sexta-feira,0,3,0,0,
20170805,2017-08-05,2017,8,5,Sábado,1,3,0,0,
20170806,2017-08-06,2017,8,6,Domingo,1,3,0,0,
20170807,2017-08-07,2017,8,7,Segunda-feira,0,3,0,0,
20170808,2017-08-08,2017,8,8,Terça-feira,0,3,0,0,
20170809,2017-08-09,2017,8,9,Quarta-feira,0,3,0,0,
20170810,2017-08-10,2017,8,10,Quinta-feira,0,3,0,0,
20170811,2017-08-11,2017,8,11,Sexta-feira,0,3,0,0,
20170812,2017-08-12,2017,8,12,Sábado,1,3,0,0,
20170813,2017-08-13,2017,8,13,Domingo,1,3,0,0,
20170814,2017-08-14,2017,8,14,Segunda-feira,0,3,0,0,
20170815,2017-08-15,2017,8,15,Terça-feira,0,3,0,0,
20170816,2017-08-16,2017,8,16,Quarta-feira,0,3,0,0,
20170817,2017-08-17,2017,8,17,Quinta-feira,0,3,0,0,
20170818,2017-08-18,2017,8,18,Sexta-feira,0,3,0,0,
20170819,2017-08-19,2017,8,19,Sábado,1,3,0,0,
20170820,2017-08-20,2017,8,20,Domingo,1,3,0,0,
20170821,2017-08-21,2017,8,21,Segunda-feira,0,3,0,0,
20170822,2017-08-22,2017,8,22,Terça-feira,0,3,0,0,
20170823,2017-08-23,2017,8,23,Quarta-feira,0,3,0,0,
20170824,2017-08-24,2017,8,24,Quinta-feira,0,3,0,0,
20170825,2017-08-25,2017,8,25,Sexta-feira,0,3,0,0,
20170826,2017-08-26,2017,8,26,Sábado,1,3,0,0,
20170827,2017-08-27,2017,8,27,Domingo,1,3,0,0,
20170828,2017-08-28,2017,8,28,Segunda-feira,0,3,0,0,
20170829,2017-08-29,2017,8,29,Terça-feira,0,3,0,0,
20170830,2017-08-30,2017,8,30,Quarta-feira,0,3,0,0,
20170831,2017-08-31,2017,8,31,Quinta-feira,0,3,0,0,
20170901,2017-09-01,2017,9,1,Sexta-feira,0,3,0,0,
20170902,2017-09-02,2017,9,2,Sábado,1,3,0,0,
20170903,2017-09-03,2017,9,3,Domingo,1,3,0,0,
20170904,2017-09-04,2017,9,4,Segunda-feira,0,3,0,0,
20170905,2017-09-05,2017,9,5,Terça-feira,0,3,0,0,
20170906,2017-09-06,2017,9,6,Quarta-feira,0,3,0,0,
20170907,2017-09-07,2017,9,7,Quinta-feira,0,3,0,1,Independência do Brasil
20170908,2017-09-08,2017,9,8,Sexta-feira,0,3,0,0,
20170909,2017-09-09,2017,9,9,Sábado,1,3,0,0,
20170910,2017-09-10,2017,9,10,Domingo,1,3,0,0,
20170911,2017-09-11,2017,9,11,Segunda-feira,0,3,0,0,
20170912,2017-09-12,2017,9,12,Terça-feira,0,3,0,0,
20170913,2017-09-13,2017,9,13,Quarta-feira,0,3,0,0,
20170914,2017-09-14,2017,9,14,Quinta-feira,0,3,0,0,
20170915,2017-09-15,2017,9,15,Sexta-feira,0,3,0,0,
20170916,2017-09-16,2017,9,16,Sábado,1,3,0,0,
20170917,2017-09-17,2017,9,17,Domingo,1,3,0,0,
20170918,2017-09-18,2017,9,18,Segunda-feira,0,3,0,0,
20170919,2017-09-19,2017,9,19,Terça-feira,0,3,0,0,
20170920,2017-09-20,2017,9,20,Quarta-feira,0,3,0,0,
20170921,2017-09-21,2017,9,21,Quinta-feira,0,3,0,0,
20170922,2017-09-22,2017,9,22,Sexta-feira,0,3,0,0,
20170923,2017-09-23,2017,9,23,Sábado,1,3,0,0,
20170924,2017-09-24,2017,9,24,Domingo,1,3,0,0,
20170925,2017-09-25,2017,9,25,Segunda-feira,0,3,0,0,
20170926,2017-09-26,2017,9,26,Terça-feira,0,3,0,0,
20170927,2017-09-27,2017,9,27,Quarta-feira,0,3,0,0,
20170928,2017-09-28,2017,9,28,Quinta-feira,0,3,0,0,
20170929,2017-09-29,2017,9,29,Sexta-feira,0,3,0,0,
20170930,2017-09-30,2017,9,30,Sábado,1,3,0,0,
20171001,2017-10-01,2017,10,1,Domingo,1,4,0,0,
20171002,2017-10-02,2017,10,2,Segunda-feira,0,4,0,0,
20171003,2017-10-03,2017,10,3,Terça-feira,0,4,0,0,
20171004,2017-10-04,2017,10,4,Quarta-feira,0,4,0,0,
20171005,2017-10-05,2017,10,5,Quinta-feira,0,4,0,0,
20171006,2017-10-06,2017,10,6,Sexta-feira,0,4,0,0,
20171007,2017-10-07,2017,10,7,Sábado,1,4,0,0,
20171008,2017-10-08,2017,10,8,Domingo,1,4,0,0,
20171009,2017-10-09,2017,10,9,Segunda-feira,0,4,0,0,
20171010,2017-10-10,2017,10,10,Terça-feira,0,4,0,0,
20171011,2017-10-11,2017,10,11,Quarta-feira,0,4,0,0,
20171012,2017-10-12,2017,10,12,Quinta-feira,0,4,0,1,Nossa Senhora Aparecida
20171013,2017-10-13,2017,10,13,Sexta-feira,0,4,0,0,
20171014,2017-10-14,2017,10,14,Sábado,1,4,0,0,
20171015,2017-10-15,2017,10,15,Domingo,1,4,0,0,
20171016,2017-10-16,2017,10,16,Segunda-feira,0,4,0,0,
20171017,2017-10-17,2017,10,17,Terça-feira,0,4,0,0,
20171018,2017-10-18,2017,10,18,Quarta-feira,0,4,0,0,
20171019,2017-10-19,2017,10,19,Quinta-feira,0,4,0,0,
20171020,2017-10-20,2017,10,20,Sexta-feira,0,4,0,0,
20171021,2017-10-21,2017,10,21,Sábado,1,4,0,0,
20171022,2017-10-22,2017,10,22,Domingo,1,4,0,0,
20171023,2017-10-23,2017,10,23,Segunda-feira,0,4,0,0,
20171024,2017-10-24,2017,10,24,Terça-feira,0,4,0,0,
20171025,2017-10-25,2017,10,25,Quarta-feira,0,4,0,0,
20171026,2017-10-26,2017,10,26,Quinta-feira,0,4,0,0,
20171027,2017-10-27,2017,10,27,Sexta-feira,0,4,0,0,
20171028,2017-10-28,2017,10,28,Sábado,1,4,0,1,Dia do Servidor Público
20171029,2017-10-29,2017,10,29,Domingo,1,4,0,0,
20171030,2017-10-30,2017,10,30,Segunda-feira,0,4,0,0,
20171031,2017-10-31,2017,10,31,Terça-feira,0,4,0,0,
20171101,2017-11-01,2017,11,1,Quarta-feira,0,4,0,0,
20171102,2017-11-02,2017,11,2,Quinta-feira,0,4,0,1,Finados
20171103,2017-11-03,2017,11,3,Sexta-feira,0,4,0,0,
20171104,2017-11-04,2017,11,4,Sábado,1,4,0,0,
20171105,2017-11-05,2017,11,5,Domingo,1,4,0,0,
20171106,2017-11-06,2017,11,6,Segunda-feira,0,4,0,0,
20171107,2017-11-07,2017,11,7,Terça-feira,0,4,0,0,
20171108,2017-11-08,2017,11,8,Quarta-feira,0,4,0,0,
20171109,2017-11-09,2017,11,9,Quinta-feira,0,4,0,0,
20171110,2017-11-10,2017,11,10,Sexta-feira,0,4,0,0,
20171111,2017-11-11,2017,11,11,Sábado,1,4,0,0,
20171112,2017-11-12,2017,11,12,Domingo,1,4,0,0,
20171113,2017-11-13,2017,11,13,Segunda-feira,0,4,0,0,
20171114,2017-11-14,2017,11,14,Terça-feira,0,4,0,0,
20171115,2017-11-15,2017,11,15,Quarta-feira,0,4,0,1,Proclamação da República
20171116,2017-11-16,2017,11,16,Quinta-feira,0,4,0,0,
20171117,2017-11-17,2017,11,17,Sexta-feira,0,4,0,0,
20171118,2017-11-18,2017,11,18,Sábado,1,4,0,0,
20171119,2017-11-19,2017,11,19,Domingo,1,4,0,0,
20171120,2017-11-20,2017,11,20,Segunda-feira,0,4,0,0,
20171121,2017-11-21,2017,11,21,Terça-feira,0,4,0,0,
20171122,2017-11-22,2017,11,22,Quarta-feira,0,4,0,0,
20171123,2017-11-23,2017,11,23,Quinta-feira,0,4,0,0,
20171124,2017-11-24,2017,11,24,Sexta-feira,0,4,0,0,
20171125,2017-11-25,2017,11,25,Sábado,1,4,0,0,
20171126,2017-11-26,2017,11,26,Domingo,1,4,0,0,
20171127,2017-11-27,2017,11,27,Segunda-feira,0,4,0,0,
20171128,2017-11-28,2017,11,28,Terça-feira,0,4,0,0,
20171129,2017-11-29,2017,11,29,Quarta-feira,0,4,0,0,
20171130,2017-11-30,2017,11,30,Quinta-feira,0,4,0,0,
20171201,2017-12-01,2017,12,1,Sexta-feira,0,4,0,0,
20171202,2017-12-02,2017,12,2,Sábado,1,4,0,0,
20171203,2017-12-03,2017,12,3,Domingo,1,4,0,0,
20171204,2017-12-04,2017,12,4,Segunda-feira,0,4,0,0,
20171205,2017-12-05,2017,12,5,Terça-feira,0,4,0,0,
20171206,2017-12-06,2017,12,6,Quarta-feira,0,4,0,0,
20171207,2017-12-07,2017,12,7,Quinta-feira,0,4,0,0,
20171208,2017-12-08,2017,12,8,Sexta-feira,0,4,0,0,
20171209,2017-12-09,2017,12,9,Sábado,1,4,0,0,
20171210,2017-12-10,2017,12,10,Domingo,1,4,0,0,
20171211,2017-12-11,2017,12,11,Segunda-feira,0,4,0,0,
20171212,2017-12-12,2017,12,12,Terça-feira,0,4,0,0,
20171213,2017-12-13,2017,12,13,Quarta-feira,0,4,0,0,
20171214,2017-12-14,2017,12,14,Quinta-feira,0,4,0,0,
20171215,2017-12-15,2017,12,15,Sexta-feira,0,4,0,0,
20171216,2017-12-16,2017,12,16,Sábado,1,4,0,0,
20171217,2017-12-17,2017,12,17,Domingo,1,4,0,0,
20171218,2017-12-18,2017,12,18,Segunda-feira,0,4,0,0,
20171219,2017-12-19,2017,12,19,Terça-feira,0,4,0,0,
20171220,2017-12-20,2017,12,20,Quarta-feira,0,4,0,0,
20171221,2017-12-21,2017,12,21,Quinta-feira,0,4,0,0,
20171222,2017-12-22,2017,12,22,Sexta-feira,0,4,0,0,
20171223,2017-12-23,2017,12,23,Sábado,1,4,0,0,
20171224,2017-12-24,2017,12,24,Domingo,1,4,0,1,Véspera de Natal
20171225,2017-12-25,2017,12,25,Segunda-feira,0,4,0,1,Natal
20171226,2017-12-26,2017,12,26,Terça-feira,0,4,0,0,
20171227,2017-12-27,2017,12,27,Quarta-feira,0,4,0,0,
20171228,2017-12-28,2017,12,28,Quinta-feira,0,4,0,0,
20171229,2017-12-29,2017,12,29,Sexta-feira,0,4,0,0,
20171230,2017-12-30,2017,12,30,Sábado,1,4,0,0,
20171231,2017-12-31,2017,12,31,Domingo,1,4,0,1,Véspera de Ano-Novo
20180101,2018-01-01,2018,1,1,Segunda-feira,0,1,0,1,Confraternização Universal
20180102,2018-01-02,2018,1,2,Terça-feira,0,1,0,0,
20180103,2018-01-03,2018,1,3,Quarta-feira,0,1,0,0,
20180104,2018-01-04,2018,1,4,Quinta-feira,0,1,0,0,
20180105,2018-01-05,2018,1,5,Sexta-feira,0,1,0,0,
20180106,2018-01-06,2018,1,6,Sábado,1,1,0,0,
20180107,2018-01-07,2018,1,7,Domingo,1,1,0,0,
20180108,2018-01-08,2018,1,8,Segunda-feira,0,1,0,0,
20180109,2018-01-09,2018,1,9,Terça-feira,0,1,0,0,
20180110,2018-01-10,2018,1,10,Quarta-feira,0,1,0,0,
20180111,2018-01-11,2018,1,11,Quinta-feira,0,1,0,0,
20180112,2018-01-12,2018,1,12,Sexta-feira,0,1,0,0,
20180113,2018-01-13,2018,1,13,Sábado,1,1,0,0,
20180114,2018-01-14,2018,1,14,Domingo,1,1,0,0,
20180115,2018-01-15,2018,1,15,Segunda-feira,0,1,0,0,
20180116,2018-01-16,2018,1,16,Terça-feira,0,1,0,0,
20180117,2018-01-17,2018,1,17,Quarta-feira,0,1,0,0,
20180118,2018-01-18,2018,1,18,Quinta-feira,0,1,0,0,
20180119,2018-01-19,2018,1,19,Sexta-feira,0,1,0,0,
20180120,2018-01-20,2018,1,20,Sábado,1,1,0,0,
20180121,2018-01-21,2018,1,21,Domingo,1,1,0,0,
20180122,2018-01-22,2018,1,22,Segunda-feira,0,1,0,0,
20180123,2018-01-23,2018,1,23,Terça-feira,0,1,0,0,
20180124,2018-01-24,2018,1,24,Quarta-feira,0,1,0,0,
20180125,2018-01-25,2018,1,25,Quinta-feira,0,1,0,0,
20180126,2018-01-26,2018,1,26,Sexta-feira,0,1,0,0,
20180127,2018-01-27,2018,1,27,Sábado,1,1,0,0,
20180128,2018-01-28,2018,1,28,Domingo,1,1,0,0,
20180129,2018-01-29,2018,1,29,Segunda-feira,0,1,0,0,
20180130,2018-01-30,2018,1,30,Terça-feira,0,1,0,0,
20180131,2018-01-31,2018,1,31,Quarta-feira,0,1,0,0,
20180201,2018-02-01,2018,2,1,Quinta-feira,0,1,0,0,
20180202,2018-02-02,2018,2,2,Sexta-feira,0,1,0,0,
20180203,2018-02-03,2018,2,3,Sábado,1,1,0,0,
20180204,2018-02-04,2018,2,4,Domingo,1,1,0,0,
20180205,2018-02-05,2018,2,5,Segunda-feira,0,1,0,0,
20180206,2018-02-06,2018,2,6,Terça-feira,0,1,0,0,
20180207,2018-02-07,2018,2,7,Quarta-feira,0,1,0,0,
20180208,2018-02-08,2018,2,8,Quinta-feira,0,1,0,0,
20180209,2018-02-09,2018,2,9,Sexta-feira,0,1,0,0,
20180210,2018-02-10,2018,2,10,Sábado,1,1,0,0,
20180211,2018-02-11,2018,2,11,Domingo,1,1,0,0,
20180212,2018-02-12,2018,2,12,Segunda-feira,0,1,0,1,Carnaval
20180213,2018-02-13,2018,2,13,Terça-feira,0,1,0,1,Carnaval
20180214,2018-02-14,2018,2,14,Quarta-feira,0,1,0,1,Quarta-feira de Cinzas
20180215,2018-02-15,2018,2,15,Quinta-feira,0,1,0,0,
20180216,2018-02-16,2018,2,16,Sexta-feira,0,1,0,0,
20180217,2018-02-17,2018,2,17,Sábado,1,1,0,0,
20180218,2018-02-18,2018,2,18,Domingo,1,1,0,0,
20180219,2018-02-19,2018,2,19,Segunda-feira,0,1,0,0,
20180220,2018-02-20,2018,2,20,Terça-feira,0,1,0,0,
20180221,2018-02-21,2018,2,21,Quarta-feira,0,1,0,0,
20180222,2018-02-22,2018,2,22,Quinta-feira,0,1,0,0,
20180223,2018-02-23,2018,2,23,Sexta-feira,0,1,0,0,
20180224,2018-02-24,2018,2,24,Sábado,1,1,0,0,
20180225,2018-02-25,2018,2,25,Domingo,1,1,0,0,
20180226,2018-02-26,2018,2,26,Segunda-feira,0,1,0,0,
20180227,2018-02-27,2018,2,27,Terça-feira,0,1,0,0,
20180228,2018-02-28,2018,2,28,Quarta-feira,0,1,0,0,
20180301,2018-03-01,2018,3,1,Quinta-feira,0,1,0,0,
20180302,2018-03-02,2018,3,2,Sexta-feira,0,1,0,0,
20180303,2018-03-03,2018,3,3,Sábado,1,1,0,0,
20180304,2018-03-04,2018,3,4,Domingo,1,1,0,0,
20180305,2018-03-05,2018,3,5,Segunda-feira,0,1,0,0,
20180306,2018-03-06,2018,3,6,Terça-feira,0,1,0,0,
20180307,2018-03-07,2018,3,7,Quarta-feira,0,1,0,0,
20180308,2018-03-08,2018,3,8,Quinta-feira,0,1,0,0,
20180309,2018-03-09,2018,3,9,Sexta-feira,0,1,0,0,
20180310,2018-03-10,2018,3,10,Sábado,1,1,0,0,
20180311,2018-03-11,2018,3,11,Domingo,1,1,0,0,
20180312,2018-03-12,2018,3,12,Segunda-feira,0,1,0,0,
20180313,2018-03-13,2018,3,13,Terça-feira,0,1,0,0,
20180314,2018-03-14,2018,3,14,Quarta-feira,0,1,0,0,
20180315,2018-03-15,2018,3,15,Quinta-feira,0,1,0,0,
20180316,2018-03-16,2018,3,16,Sexta-feira,0,1,0,0,
20180317,2018-03-17,2018,3,17,Sábado,1,1,0,0,
20180318,2018-03-18,2018,3,18,Domingo,1,1,0,0,
20180319,2018-03-19,2018,3,19,Segunda-feira,0,1,0,0,
20180320,2018-03-20,2018,3,20,Terça-feira,0,1,0,0,
20180321,2018-03-21,2018,3,21,Quarta-feira,0,1,0,0,
20180322,2018-03-22,2018,3,22,Quinta-feira,0,1,0,0,
20180323,2018-03-23,2018,3,23,Sexta-feira,0,1,0,0,
20180324,2018-03-24,2018,3,24,Sábado,1,1,0,0,
20180325,2018-03-25,2018,3,25,Domingo,1,1,0,0,
20180326,2018-03-26,2018,3,26,Segunda-feira,0,1,0,0,
20180327,2018-03-27,2018,3,27,Terça-feira,0,1,0,0,
20180328,2018-03-28,2018,3,28,Quarta-feira,0,1,0,0,
20180329,2018-03-29,2018,3,29,Quinta-feira,0,1,0,0,
20180330,2018-03-30,2018,3,30,Sexta-feira,0,1,0,1,Sexta-feira Santa
20180331,2018-03-31,2018,3,31,Sábado,1,1,0,0,
20180401,2018-04-01,2018,4,1,Domingo,1,2,0,0,
20180402,2018-04-02,2018,4,2,Segunda-feira,0,2,0,0,
20180403,2018-04-03,2018,4,3,Terça-feira,0,2,0,0,
20180404,2018-04-04,2018,4,4,Quarta-feira,0,2,0,0,
20180405,2018-04-05,2018,4,5,Quinta-feira,0,2,0,0,
20180406,2018-04-06,2018,4,6,Sexta-feira,0,2,0,0,
20180407,2018-04-07,2018,4,7,Sábado,1,2,0,0,
20180408,2018-04-08,2018,4,8,Domingo,1,2,0,0,
20180409,2018-04-09,2018,4,9,Segunda-feira,0,2,0,0,
20180410,2018-04-10,2018,4,10,Terça-feira,0,2,0,0,
20180411,2018-04-11,2018,4,11,Quarta-feira,0,2,0,0,
20180412,2018-04-12,2018,4,12,Quinta-feira,0,2,0,0,
20180413,2018-04-13,2018,4,13,Sexta-feira,0,2,0,0,
20180414,2018-04-14,2018,4,14,Sábado,1,2,0,0,
20180415,2018-04-15,2018,4,15,Domingo,1,2,0,0,
20180416,2018-04-16,2018,4,16,Segunda-feira,0,2,0,0,
20180417,2018-04-17,2018,4,17,Terça-feira,0,2,0,0,
20180418,2018-04-18,2018,4,18,Quarta-feira,0,2,0,0,
20180419,2018-04-19,2018,4,19,Quinta-feira,0,2,0,0,
20180420,2018-04-20,2018,4,20,Sexta-feira,0,2,0,0,
20180421,2018-04-21,2018,4,21,Sábado,1,2,0,1,Tiradentes
20180422,2018-04-22,2018,4,22,Domingo,1,2,0,0,
20180423,2018-04-23,2018,4,23,Segunda-feira,0,2,0,0,
20180424,2018-04-24,2018,4,24,Terça-feira,0,2,0,0,
20180425,2018-04-25,2018,4,25,Quarta-feira,0,2,0,0,
20180426,2018-04-26,2018,4,26,Quinta-feira,0,2,0,0,
20180427,2018-04-27,2018,4,27,Sexta-feira,0,2,0,0,
20180428,2018-04-28,2018,4,28,Sábado,1,2,0,0,
20180429,2018-04-29,2018,4,29,Domingo,1,2,0,0,
20180430,2018-04-30,2018,4,30,Segunda-feira,0,2,0,0,
20180501,2018-05-01,2018,5,1,Terça-feira,0,2,0,1,Dia do Trabalhador
20180502,2018-05-02,2018,5,2,Quarta-feira,0,2,0,0,
20180503,2018-05-03,2018,5,3,Quinta-feira,0,2,0,0,
20180504,2018-05-04,2018,5,4,Sexta-feira,0,2,0,0,
20180505,2018-05-05,2018,5,5,Sábado,1,2,0,0,
20180506,2018-05-06,2018,5,6,Domingo,1,2,0,0,
20180507,2018-05-07,2018,5,7,Segunda-feira,0,2,0,0,
20180508,2018-05-08,2018,5,8,Terça-feira,0,2,0,0,
20180509,2018-05-09,2018,5,9,Quarta-feira,0,2,0,0,
20180510,2018-05-10,2018,5,10,Quinta-feira,0,2,0,0,
20180511,2018-05-11,2018,5,11,Sexta-feira,0,2,0,0,
20180512,2018-05-12,2018,5,12,Sábado,1,2,0,0,
20180513,2018-05-13,2018,5,13,Domingo,1,2,0,0,
20180514,2018-05-14,2018,5,14,Segunda-feira,0,2,0,0,
20180515,2018-05-15,2018,5,15,Terça-feira,0,2,0,0,
20180516,2018-05-16,2018,5,16,Quarta-feira,0,2,0,0,
20180517,2018-05-17,2018,5,17,Quinta-feira,0,2,0,0,
20180518,2018-05-18,2018,5,18,Sexta-feira,0,2,0,0,
20180519,2018-05-19,2018,5,19,Sábado,1,2,0,0,
20180520,2018-05-20,2018,5,20,Domingo,1,2,0,0,
20180521,2018-05-21,2018,5,21,Segunda-feira,0,2,0,0,
20180522,2018-05-22,2018,5,22,Terça-feira,0,2,0,0,
20180523,2018-05-23,2018,5,23,Quarta-feira,0,2,0,0,
20180524,2018-05-24,2018,5,24,Quinta-feira,0,2,0,0,
20180525,2018-05-25,2018,5,25,Sexta-feira,0,2,0,0,
20180526,2018-05-26,2018,5,26,Sábado,1,2,0,0,
20180527,2018-05-27,2018,5,27,Domingo,1,2,0,0,
20180528,2018-05-28,2018,5,28,Segunda-feira,0,2,0,0,
20180529,2018-05-29,2018,5,29,Terça-feira,0,2,0,0,
20180530,2018-05-30,2018,5,30,Quarta-feira,0,2,0,0,
20180531,2018-05-31,2018,5,31,Quinta-feira,0,2,0,1,Corpus Christi
20180601,2018-06-01,2018,6,1,Sexta-feira,0,2,0,0,
20180602,2018-06-02,2018,6,2,Sábado,1,2,0,0,
20180603,2018-06-03,2018,6,3,Domingo,1,2,0,0,
20180604,2018-06-04,2018,6,4,Segunda-feira,0,2,0,0,
20180605,2018-06-05,2018,6,5,Terça-feira,0,2,0,0,
20180606,2018-06-06,2018,6,6,Quarta-feira,0,2,0,0,
20180607,2018-06-07,2018,6,7,Quinta-feira,0,2,0,0,
20180608,2018-06-08,2018,6,8,Sexta-feira,0,2,0,0,
20180609,2018-06-09,2018,6,9,Sábado,1,2,0,0,
20180610,2018-06-10,2018,6,10,Domingo,1,2,0,0,
20180611,2018-06-11,2018,6,11,Segunda-feira,0,2,0,0,
20180612,2018-06-12,2018,6,12,Terça-feira,0,2,0,0,
20180613,2018-06-13,2018,6,13,Quarta-feira,0,2,0,0,
20180614,2018-06-14,2018,6,14,Quinta-feira,0,2,0,0,
20180615,2018-06-15,2018,6,15,Sexta-feira,0,2,0,0,
20180616,2018-06-16,2018,6,16,Sábado,1,2,0,0,
20180617,2018-06-17,2018,6,17,Domingo,1,2,0,0,
20180618,2018-06-18,2018,6,18,Segunda-feira,0,2,0,0,
20180619,2018-06-19,2018,6,19,Terça-feira,0,2,0,0,
20180620,2018-06-20,2018,6,20,Quarta-feira,0,2,0,0,
20180621,2018-06-21,2018,6,21,Quinta-feira,0,2,0,0,
20180622,2018-06-22,2018,6,22,Sexta-feira,0,2,0,0,
20180623,2018-06-23,2018,6,23,Sábado,1,2,0,0,
20180624,2018-06-24,2018,6,24,Domingo,1,2,0,0,
20180625,2018-06-25,2018,6,25,Segunda-feira,0,2,0,0,
20180626,2018-06-26,2018,6,26,Terça-feira,0,2,0,0,
20180627,2018-06-27,2018,6,27,Quarta-feira,0,2,0,0,
20180628,2018-06-28,2018,6,28,Quinta-feira,0,2,0,0,
20180629,2018-06-29,2018,6,29,Sexta-feira,0,2,0,0,
20180630,2018-06-30,2018,6,30,Sábado,1,2,0,0,
20180701,2018-07-01,2018,7,1,Domingo,1,3,1,0,
20180702,2018-07-02,2018,7,2,Segunda-feira,0,3,1,0,
20180703,2018-07-03,2018,7,3,Terça-feira,0,3,1,0,
20180704,2018-07-04,2018,7,4,Quarta-feira,0,3,1,0,
20180705,2018-07-05,2018,7,5,Quinta-feira,0,3,1,0,
20180706,2018-07-06,2018,7,6,Sexta-feira,0,3,1,0,
20180707,2018-07-07,2018,7,7,Sábado,1,3,1,0,
20180708,2018-07-08,2018,7,8,Domingo,1,3,1,0,
20180709,2018-07-09,2018,7,9,Segunda-feira,0,3,1,0,
20180710,2018-07-10,2018,7,10,Terça-feira,0,3,1,0,
20180711,2018-07-11,2018,7,11,Quarta-feira,0,3,1,0,
20180712,2018-07-12,2018,7,12,Quinta-feira,0,3,1,0,
20180713,2018-07-13,2018,7,13,Sexta-feira,0,3,1,0,
20180714,2018-07-14,2018,7,14,Sábado,1,3,1,0,
20180715,2018-07-15,2018,7,15,Domingo,1,3,1,0,
20180716,2018-07-16,2018,7,16,Segunda-feira,0,3,1,0,
20180717,2018-07-17,2018,7,17,Terça-feira,0,3,1,0,
20180718,2018-07-18,2018,7,18,Quarta-feira,0,3,1,0,
20180719,2018-07-19,2018,7,19,Quinta-feira,0,3,1,0,
20180720,2018-07-20,2018,7,20,Sexta-feira,0,3,1,0,
20180721,2018-07-21,2018,7,21,Sábado,1,3,1,0,
20180722,2018-07-22,2018,7,22,Domingo,1,3,1,0,
20180723,2018-07-23,2018,7,23,Segunda-feira,0,3,1,0,
20180724,2018-07-24,2018,7,24,Terça-feira,0,3,1,0,
20180725,2018-07-25,2018,7,25,Quarta-feira,0,3,1,0,
20180726,2018-07-26,2018,7,26,Quinta-feira,0,3,1,0,
20180727,2018-07-27,2018,7,27,Sexta-feira,0,3,1,0,
20180728,2018-07-28,2018,7,28,Sábado,1,3,1,0,
20180729,2018-07-29,2018,7,29,Domingo,1,3,1,0,
20180730,2018-07-30,2018,7,30,Segunda-feira,0,3,1,0,
20180731,2018-07-31,2018,7,31,Terça-feira,0,3,1,0,
20180801,2018-08-01,2018,8,1,Quarta-feira,0,3,0,0,
20180802,2018-08-02,2018,8,2,Quinta-feira,0,3,0,0,
20180803,2018-08-03,2018,8,3,Sexta-feira,0,3,0,0,
20180804,2018-08-04,2018,8,4,Sábado,1,3,0,0,
20180805,2018-08-05,2018,8,5,Domingo,1,3,0,0,
20180806,2018-08-06,2018,8,6,Segunda-feira,0,3,0,0,
20180807,2018-08-07,2018,8,7,Terça-feira,0,3,0,0,
20180808,2018-08-08,2018,8,8,Quarta-feira,0,3,0,0,
20180809,2018-08-09,2018,8,9,Quinta-feira,0,3,0,0,
20180810,2018-08-10,2018,8,10,Sexta-feira,0,3,0,0,
20180811,2018-08-11,2018,8,11,Sábado,1,3,0,0,
20180812,2018-08-12,2018,8,12,Domingo,1,3,0,0,
20180813,2018-08-13,2018,8,13,Segunda-feira,0,3,0,0,
20180814,2018-08-14,2018,8,14,Terça-feira,0,3,0,0,
20180815,2018-08-15,2018,8,15,Quarta-feira,0,3,0,0,
20180816,2018-08-16,2018,8,16,Quinta-feira,0,3,0,0,
20180817,2018-08-17,2018,8,17,Sexta-feira,0,3,0,0,
20180818,2018-08-18,2018,8,18,Sábado,1,3,0,0,
20180819,2018-08-19,2018,8,19,Domingo,1,3,0,0,
20180820,2018-08-20,2018,8,20,Segunda-feira,0,3,0,0,
20180821,2018-08-21,2018,8,21,Terça-feira,0,3,0,0,
20180822,2018-08-22,2018,8,22,Quarta-feira,0,3,0,0,
20180823,2018-08-23,2018,8,23,Quinta-feira,0,3,0,0,
20180824,2018-08-24,2018,8,24,Sexta-feira,0,3,0,0,
20180825,2018-08-25,2018,8,25,Sábado,1,3,0,0,
20180826,2018-08-26,2018,8,26,Domingo,1,3,0,0,
20180827,2018-08-27,2018,8,27,Segunda-feira,0,3,0,0,
20180828,2018-08-28,2018,8,28,Terça-feira,0,3,0,0,
20180829,2018-08-29,2018,8,29,Quarta-feira,0,3,0,0,
20180830,2018-08-30,2018,8,30,Quinta-feira,0,3,0,0,
20180831,2018-08-31,2018,8,31,Sexta-feira,0,3,0,0,
20180901,2018-09-01,2018,9,1,Sábado,1,3,0,0,
20180902,2018-09-02,2018,9,2,Domingo,1,3,0,0,
20180903,2018-09-03,2018,9,3,Segunda-feira,0,3,0,0,
20180904,2018-09-04,2018,9,4,Terça-feira,0,3,0,0,
20180905,2018-09-05,2018,9,5,Quarta-feira,0,3,0,0,
20180906,2018-09-06,2018,9,6,Quinta-feira,0,3,0,0,
20180907,2018-09-07,2018,9,7,Sexta-feira,0,3,0,1,Independência do Brasil
20180908,2018-09-08,2018,9,8,Sábado,1,3,0,0,
20180909,2018-09-09,2018,9,9,Domingo,1,3,0,0,
20180910,2018-09-10,2018,9,10,Segunda-feira,0,3,0,0,
20180911,2018-09-11,2018,9,11,Terça-feira,0,3,0,0,
20180912,2018-09-12,2018,9,12,Quarta-feira,0,3,0,0,
20180913,2018-09-13,2018,9,13,Quinta-feira,0,3,0,0,
20180914,2018-09-14,2018,9,14,Sexta-feira,0,3,0,0,
20180915,2018-09-15,2018,9,15,Sábado,1,3,0,0,
20180916,2018-09-16,2018,9,16,Domingo,1,3,0,0,
20180917,2018-09-17,2018,9,17,Segunda-feira,0,3,0,0,
20180918,2018-09-18,2018,9,18,Terça-feira,0,3,0,0,
20180919,2018-09-19,2018,9,19,Quarta-feira,0,3,0,0,
20180920,2018-09-20,2018,9,20,Quinta-feira,0,3,0,0,
20180921,2018-09-21,2018,9,21,Sexta-feira,0,3,0,0,
20180922,2018-09-22,2018,9,22,Sábado,1,3,0,0,
20180923,2018-09-23,2018,9,23,Domingo,1,3,0,0,
20180924,2018-09-24,2018,9,24,Segunda-feira,0,3,0,0,
20180925,2018-09-25,2018,9,25,Terça-feira,0,3,0,0,
20180926,2018-09-26,2018,9,26,Quarta-feira,0,3,0,0,
20180927,2018-09-27,2018,9,27,Quinta-feira,0,3,0,0,
20180928,2018-09-28,2018,9,28,Sexta-feira,0,3,0,0,
20180929,2018-09-29,2018,9,29,Sábado,1,3,0,0,
20180930,2018-09-30,2018,9,30,Domingo,1,3,0,0,
20181001,2018-10-01,2018,10,1,Segunda-feira,0,4,0,0,
20181002,2018-10-02,2018,10,2,Terça-feira,0,4,0,0,
20181003,2018-10-03,2018,10,3,Quarta-feira,0,4,0,0,
20181004,2018-10-04,2018,10,4,Quinta-feira,0,4,0,0,
20181005,2018-10-05,2018,10,5,Sexta-feira,0,4,0,0,
20181006,2018-10-06,2018,10,6,Sábado,1,4,0,0,
20181007,2018-10-07,2018,10,7,Domingo,1,4,0,0,
20181008,2018-10-08,2018,10,8,Segunda-feira,0,4,0,0,
20181009,2018-10-09,2018,10,9,Terça-feira,0,4,0,0,
20181010,2018-10-10,2018,10,10,Quarta-feira,0,4,0,0,
20181011,2018-10-11,2018,10,11,Quinta-feira,0,4,0,0,
20181012,2018-10-12,2018,10,12,Sexta-feira,0,4,0,1,Nossa Senhora Aparecida
20181013,2018-10-13,2018,10,13,Sábado,1,4,0,0,
20181014,2018-10-14,2018,10,14,Domingo,1,4,0,0,
20181015,2018-10-15,2018,10,15,Segunda-feira,0,4,0,0,
20181016,2018-10-16,2018,10,16,Terça-feira,0,4,0,0,
